{"Pretraining Loss": 0.6518141031265259, "_timestamp": 1706331562.982652, "_runtime": 398.7633309364319, "_step": 118, "Pretraining Micro AUROC": 0.6326923370361328, "Pretraining Micro AUPRC": 0.6090860801209732, "Pretraining Macro AUROC": 0.6008972766979551, "Pretraining Macro AUPRC": 0.6696993830203326, "Pretraining Contraindication AUROC": 0.6015625, "Pretraining Contraindication AUPRC": 0.7298076923076923, "Pretraining Off-Label AUROC": 0.0, "Pretraining Off-Label AUPRC": 0.5, "Pretraining Rev-Contraindication AUROC": 0.875, "Pretraining Rev-Contraindication AUPRC": 0.9166666666666666, "Pretraining LR": 0.001, "Pretraining Rev-Indication AUROC": 0.0, "Pretraining Rev-Indication AUPRC": 0.5, "Pretraining Indication AUROC": 1.0, "Pretraining Indication AUPRC": 1.0}