{"Pretraining Loss": 0.577773928642273, "_timestamp": 1706292482.8546402, "_runtime": 573.805034160614, "_step": 954, "Pretraining Micro AUROC": 0.7267589569091797, "Pretraining Micro AUPRC": 0.6911055941687549, "Pretraining Macro AUROC": 0.7130888460404139, "Pretraining Macro AUPRC": 0.7648530257382585, "Pretraining Contraindication AUROC": 0.75, "Pretraining Contraindication AUPRC": 0.8333333333333333, "Pretraining Indication AUROC": 1.0, "Pretraining Indication AUPRC": 1.0, "Pretraining Rev-Contraindication AUROC": 0.7551020408163265, "Pretraining Rev-Contraindication AUPRC": 0.6932900432900432, "Pretraining Rev-Off-Label AUROC": 0.0, "Pretraining Rev-Off-Label AUPRC": 0.5, "Pretraining LR": 0.001, "Pretraining Rev-Indication AUROC": 0.5, "Pretraining Rev-Indication AUPRC": 0.5833333333333333, "Pretraining Off-Label AUROC": 1.0, "Pretraining Off-Label AUPRC": 1.0}