{"Training Loss": 0.6932201385498047, "_timestamp": 1706302517.6457093, "_runtime": 22.057966232299805, "_step": 1, "Training Micro AUROC": 0.4999684362519677, "Training Micro AUPRC": 0.5073642492040363, "Training Macro AUROC": 0.48672264265004345, "Training Macro AUPRC": 0.48865384734395395, "Training Contraindication AUROC": 0.49649447591703744, "Training Contraindication AUPRC": 0.4971171189621626, "Training Indication AUROC": 0.49346294009228026, "Training Indication AUPRC": 0.4930257170571418, "Training Off-Label AUROC": 0.49305927153217777, "Training Off-Label AUPRC": 0.4925719564310115, "Training Rev-Contraindication AUROC": 0.5270126591828281, "Training Rev-Contraindication AUPRC": 0.526181833162177, "Training Rev-Indication AUROC": 0.43899542359638355, "Training Rev-Indication AUPRC": 0.44967034851761434, "Training Rev-Off-Label AUROC": 0.47131108557955337, "Training Rev-Off-Label AUPRC": 0.4733561099336165, "LR": 0.0005, "_wandb": {"runtime": 85}}