{"Pretraining Loss": 0.5308660268783569, "_timestamp": 1706100995.1101956, "_runtime": 45834.016662597656, "_step": 7533, "Pretraining Micro AUROC": 0.7812004089355469, "Pretraining Micro AUPRC": 0.7526224764895949, "Pretraining Macro AUROC": 0.7876923944965594, "Pretraining Macro AUPRC": 0.8408657270975506, "Pretraining Contraindication AUROC": 0.5555555555555556, "Pretraining Contraindication AUPRC": 0.5888888888888889, "Pretraining Indication AUROC": 1.0, "Pretraining Indication AUPRC": 1.0, "Pretraining Rev-Contraindication AUROC": 0.0, "Pretraining Rev-Contraindication AUPRC": 0.5, "Pretraining Rev-Indication AUROC": 1.0, "Pretraining Rev-Indication AUPRC": 1.0, "Pretraining LR": 0.001, "Pretraining Rev-Off-Label AUROC": 1.0, "Pretraining Rev-Off-Label AUPRC": 1.0, "Pretraining Off-Label AUROC": 0.0, "Pretraining Off-Label AUPRC": 0.5, "Training Loss": 0.36885151267051697, "Training Micro AUROC": 0.9141066155549344, "Training Micro AUPRC": 0.8970595993145005, "Training Macro AUROC": 0.92567901375803, "Training Macro AUPRC": 0.907442694885702, "Training Contraindication AUROC": 0.9290734160517448, "Training Contraindication AUPRC": 0.9090175819026307, "Training Indication AUROC": 0.9523009035276813, "Training Indication AUPRC": 0.9398137928408176, "Training Off-Label AUROC": 0.9241479450294308, "Training Off-Label AUPRC": 0.9007708931291515, "Training Rev-Contraindication AUROC": 0.8546743063968132, "Training Rev-Contraindication AUPRC": 0.833019453289448, "Training Rev-Indication AUROC": 0.9548665656438506, "Training Rev-Indication AUPRC": 0.9418623086675084, "Training Rev-Off-Label AUROC": 0.9390109458986594, "Training Rev-Off-Label AUPRC": 0.9201721394846555, "LR": 0.00032, "Validation Micro AUROC": 0.7886718151810914, "Validation Micro AUPRC": 0.7830974603106773, "Validation Macro AUROC": 0.8080449673754443, "Validation Macro AUPRC": 0.7959424900942834, "Validation Contraindication AUROC": 0.793253476331361, "Validation Contraindication AUPRC": 0.7973042049397254, "Validation Indication AUROC": 0.8474691184424011, "Validation Indication AUPRC": 0.8346723267995808, "Validation Off-Label AUROC": 0.8157614302395447, "Validation Off-Label AUPRC": 0.8002740592537104, "Validation Rev-Contraindication AUROC": 0.7575846893491125, "Validation Rev-Contraindication AUPRC": 0.7461933270962946, "Validation Rev-Indication AUROC": 0.8100391563007031, "Validation Rev-Indication AUPRC": 0.7936172145085449, "Validation Rev-Off-Label AUROC": 0.8241619335895431, "Validation Rev-Off-Label AUPRC": 0.8035938079678441, "Validation Loss": 0.6200758218765259, "Validation Relation Performance": {"_type": "table-file", "sha256": "987b8d826751612498db05c7619f90180fcce63c3443e7951871ab36bbe2d724", "size": 441, "artifact_path": "wandb-client-artifact://9e5luj341gcgcofi097arqsvbk3vvfw1kbzznu1ky2ht8hrpn9etgb62rc80nh77vi7rhgmqyst91ifwyr8ki01htn1gvp50a1kv9jb2vlno6oirlztvopf2nha1ld6v:latest/Validation Relation Performance.table.json", "_latest_artifact_path": "wandb-client-artifact://9e5luj341gcgcofi097arqsvbk3vvfw1kbzznu1ky2ht8hrpn9etgb62rc80nh77vi7rhgmqyst91ifwyr8ki01htn1gvp50a1kv9jb2vlno6oirlztvopf2nha1ld6v:latest/Validation Relation Performance.table.json", "path": "media/table/Validation Relation Performance_7510_987b8d826751612498db.table.json", "ncols": 4, "nrows": 6}, "Testing Micro AUROC": 0.7582577185172716, "Testing Micro AUPRC": 0.754105260541728, "Testing Macro AUROC": 0.7879309693825184, "Testing Macro AUPRC": 0.7838317450816795, "Testing Contraindication AUROC": 0.7513056943656998, "Testing Contraindication AUPRC": 0.747881458059551, "Testing Indication AUROC": 0.8444230877946746, "Testing Indication AUPRC": 0.8396530899369312, "Testing Off-Label AUROC": 0.8136191460055097, "Testing Off-Label AUPRC": 0.7969677477792865, "Testing Rev-Contraindication AUROC": 0.7164862012705584, "Testing Rev-Contraindication AUPRC": 0.6995731801685977, "Testing Rev-Indication AUROC": 0.84495072267134, "Testing Rev-Indication AUPRC": 0.8365500757649859, "Testing Rev-Off-Label AUROC": 0.7568009641873278, "Testing Rev-Off-Label AUPRC": 0.7823649187807254, "Testing Loss": 0.6710558533668518, "Testing Relation Performance": {"_type": "table-file", "sha256": "530eb2cbbf93d3d667ce26aad3f17f0c050860b45bdf4c5fe76afdfc4626f7bd", "size": 439, "artifact_path": "wandb-client-artifact://06ij6gs6kiq05jc8gsu5s9baeun7lfisdz9yhvbdo4zt23fceoo2yj9vzlbwopa5jx9ot0s9thvwq1woa7fm0r79ey71bh18k970o5fjs1ise91fmslv1qsfb0phgdr1:latest/Testing Relation Performance.table.json", "_latest_artifact_path": "wandb-client-artifact://06ij6gs6kiq05jc8gsu5s9baeun7lfisdz9yhvbdo4zt23fceoo2yj9vzlbwopa5jx9ot0s9thvwq1woa7fm0r79ey71bh18k970o5fjs1ise91fmslv1qsfb0phgdr1:latest/Testing Relation Performance.table.json", "path": "media/table/Testing Relation Performance_7533_530eb2cbbf93d3d667ce.table.json", "ncols": 4, "nrows": 6}}