{"Pretraining Loss": 0.5294036269187927, "_timestamp": 1706320173.7018645, "_runtime": 4476.602614402771, "_step": 7532, "Pretraining Micro AUROC": 0.7970657348632812, "Pretraining Micro AUPRC": 0.7686845721331305, "Pretraining Macro AUROC": 0.8361639808676733, "Pretraining Macro AUPRC": 0.8658367111989012, "Pretraining Contraindication AUROC": 1.0, "Pretraining Contraindication AUPRC": 1.0, "Pretraining Indication AUROC": 0.75, "Pretraining Indication AUPRC": 0.8333333333333333, "Pretraining Rev-Contraindication AUROC": 0.7142857142857143, "Pretraining Rev-Contraindication AUPRC": 0.7159090909090908, "Pretraining LR": 0.001, "Pretraining Off-Label AUROC": 1.0, "Pretraining Off-Label AUPRC": 1.0, "Pretraining Rev-Indication AUROC": 0.7777777777777778, "Pretraining Rev-Indication AUPRC": 0.8666666666666667, "Pretraining Rev-Off-Label AUROC": 1.0, "Pretraining Rev-Off-Label AUPRC": 1.0, "Training Loss": 0.3380104899406433, "Training Micro AUROC": 0.9258126570993024, "Training Micro AUPRC": 0.9080373036834402, "Training Macro AUROC": 0.9347792457700416, "Training Macro AUPRC": 0.9145502484532398, "Training Contraindication AUROC": 0.9371433832215176, "Training Contraindication AUPRC": 0.9158995693760692, "Training Indication AUROC": 0.9625059360423691, "Training Indication AUPRC": 0.951390253649924, "Training Off-Label AUROC": 0.9282961636751947, "Training Off-Label AUPRC": 0.9005455114347287, "Training Rev-Contraindication AUROC": 0.8718126577670939, "Training Rev-Contraindication AUPRC": 0.8484404795734434, "Training Rev-Indication AUROC": 0.9664221437284388, "Training Rev-Indication AUPRC": 0.9539689370153666, "Training Rev-Off-Label AUROC": 0.942495190185636, "Training Rev-Off-Label AUPRC": 0.9170567396699068, "LR": 0.0005, "Validation Micro AUROC": 0.798868487441856, "Validation Micro AUPRC": 0.7946848706648576, "Validation Macro AUROC": 0.8180361337168315, "Validation Macro AUPRC": 0.8071354868253131, "Validation Contraindication AUROC": 0.7936497831174627, "Validation Contraindication AUPRC": 0.7928766713549114, "Validation Indication AUROC": 0.8554168932332025, "Validation Indication AUPRC": 0.8534446143903033, "Validation Off-Label AUROC": 0.830287756312225, "Validation Off-Label AUPRC": 0.81517634231249, "Validation Rev-Contraindication AUROC": 0.7579203561338965, "Validation Rev-Contraindication AUPRC": 0.7493921809812707, "Validation Rev-Indication AUROC": 0.8704754238222323, "Validation Rev-Indication AUPRC": 0.8602523962153641, "Validation Rev-Off-Label AUROC": 0.8004665896819699, "Validation Rev-Off-Label AUPRC": 0.7716707156975389, "Validation Loss": 0.6193134188652039, "Validation Relation Performance": {"_type": "table-file", "sha256": "c05d2cf4582f827fccd6831cddeaeb23350dbc02a98698a7ce57f480390177b4", "size": 439, "artifact_path": "wandb-client-artifact://ksb1rrcggalv7r8ae3noei52zp2xg9t1txsfcclng6igd6wcf04vts96uiw9sknky78qrqu5j179unp847xwehzgot2q8hl8b0uh43h410190wx83ovezeia1l2kbkh5:latest/Validation Relation Performance.table.json", "_latest_artifact_path": "wandb-client-artifact://ksb1rrcggalv7r8ae3noei52zp2xg9t1txsfcclng6igd6wcf04vts96uiw9sknky78qrqu5j179unp847xwehzgot2q8hl8b0uh43h410190wx83ovezeia1l2kbkh5:latest/Validation Relation Performance.table.json", "path": "media/table/Validation Relation Performance_7509_c05d2cf4582f827fccd6.table.json", "ncols": 4, "nrows": 6}, "Testing Micro AUROC": 0.8378876115088671, "Testing Micro AUPRC": 0.8137160594455057, "Testing Macro AUROC": 0.8517396194362057, "Testing Macro AUPRC": 0.8188387791642463, "Testing Contraindication AUROC": 0.8484310774690595, "Testing Contraindication AUPRC": 0.8171029511044977, "Testing Indication AUROC": 0.8992091753916078, "Testing Indication AUPRC": 0.8946510584305655, "Testing Off-Label AUROC": 0.8613763503086419, "Testing Off-Label AUPRC": 0.8057551061680595, "Testing Rev-Contraindication AUROC": 0.7661759619056175, "Testing Rev-Contraindication AUPRC": 0.7418806094199208, "Testing Rev-Indication AUROC": 0.8842854679003328, "Testing Rev-Indication AUPRC": 0.8569335924268469, "Testing Rev-Off-Label AUROC": 0.8509596836419753, "Testing Rev-Off-Label AUPRC": 0.796709357435587, "Testing Loss": 0.5114238262176514, "Testing Relation Performance": {"_type": "table-file", "sha256": "21b4fb0a326ddf1026637bdba12c22f1254e3079f8aa6bd9c381b8f3c905e47a", "size": 441, "artifact_path": "wandb-client-artifact://enikq5e9ij5e9wwfwxppalu97efjvetxkx60aj74l2xwcfstdwpw6wgqt72c3diej0oo71kxn1xxtljxu64mkct8nqz5gssolqqnnxrc9aty18verl8p4r507rkrqjt1:latest/Testing Relation Performance.table.json", "_latest_artifact_path": "wandb-client-artifact://enikq5e9ij5e9wwfwxppalu97efjvetxkx60aj74l2xwcfstdwpw6wgqt72c3diej0oo71kxn1xxtljxu64mkct8nqz5gssolqqnnxrc9aty18verl8p4r507rkrqjt1:latest/Testing Relation Performance.table.json", "path": "media/table/Testing Relation Performance_7532_21b4fb0a326ddf102663.table.json", "ncols": 4, "nrows": 6}, "_wandb": {"runtime": 4475}}