{"Pretraining Loss": 0.6826728582382202, "_timestamp": 1706289412.6014988, "_runtime": 30.166459798812866, "_step": 20, "Pretraining Micro AUROC": 0.5229701995849609, "Pretraining Micro AUPRC": 0.5250096683081689, "Pretraining Macro AUROC": 0.5221825064166093, "Pretraining Macro AUPRC": 0.6176663177027624, "Pretraining Contraindication AUROC": 0.4375, "Pretraining Contraindication AUPRC": 0.5011904761904762, "Pretraining Indication AUROC": 1.0, "Pretraining Indication AUPRC": 1.0, "Pretraining Rev-Contraindication AUROC": 1.0, "Pretraining Rev-Contraindication AUPRC": 1.0, "Pretraining LR": 0.001}