{"Pretraining Loss": 0.48320868611335754, "_timestamp": 1706462800.7872891, "_runtime": 4420.016016244888, "_step": 7532, "Pretraining Micro AUROC": 0.8164520263671875, "Pretraining Micro AUPRC": 0.7844199123038762, "Pretraining Macro AUROC": 0.8295007827302378, "Pretraining Macro AUPRC": 0.8440200906037442, "Pretraining Contraindication AUROC": 0.875, "Pretraining Contraindication AUPRC": 0.9166666666666666, "Pretraining Indication AUROC": 1.0, "Pretraining Indication AUPRC": 1.0, "Pretraining Rev-Contraindication AUROC": 0.6666666666666667, "Pretraining Rev-Contraindication AUPRC": 0.6388888888888888, "Pretraining Rev-Indication AUROC": 0.5, "Pretraining Rev-Indication AUPRC": 0.5833333333333333, "Pretraining Rev-Off-Label AUROC": 1.0, "Pretraining Rev-Off-Label AUPRC": 1.0, "Pretraining LR": 0.001, "Pretraining Off-Label AUROC": 1.0, "Pretraining Off-Label AUPRC": 1.0, "Training Loss": 0.27319470047950745, "Training Micro AUROC": 0.9485701317465026, "Training Micro AUPRC": 0.9321172452323478, "Training Macro AUROC": 0.9562488150528861, "Training Macro AUPRC": 0.9388584656988831, "Training Contraindication AUROC": 0.9550278847310479, "Training Contraindication AUPRC": 0.9350352146636746, "Training Indication AUROC": 0.9808224324191328, "Training Indication AUPRC": 0.9727851248634801, "Training Off-Label AUROC": 0.9561299479237441, "Training Off-Label AUPRC": 0.9362519375793658, "Training Rev-Contraindication AUROC": 0.902085306459579, "Training Rev-Contraindication AUPRC": 0.8790520597786821, "Training Rev-Indication AUROC": 0.980031341503568, "Training Rev-Indication AUPRC": 0.9683081509406279, "Training Rev-Off-Label AUROC": 0.9633959772802456, "Training Rev-Off-Label AUPRC": 0.9417183063674675, "LR": 0.0005, "Validation Micro AUROC": 0.8147646352467276, "Validation Micro AUPRC": 0.8166688640876709, "Validation Macro AUROC": 0.8455903821663918, "Validation Macro AUPRC": 0.838860712009882, "Validation Contraindication AUROC": 0.7997679534396567, "Validation Contraindication AUPRC": 0.8085579297778662, "Validation Indication AUROC": 0.8888743248162843, "Validation Indication AUPRC": 0.8853137406463083, "Validation Off-Label AUROC": 0.8485300084267032, "Validation Off-Label AUPRC": 0.8253664968119234, "Validation Rev-Contraindication AUROC": 0.7530429935889489, "Validation Rev-Contraindication AUPRC": 0.7539689098380986, "Validation Rev-Indication AUROC": 0.9075506636739814, "Validation Rev-Indication AUPRC": 0.9065417717345683, "Validation Rev-Off-Label AUROC": 0.8757763490527761, "Validation Rev-Off-Label AUPRC": 0.8534154232505275, "Validation Loss": 0.8661903738975525, "Validation Relation Performance": {"_type": "table-file", "sha256": "fe0921fe763648293059d77ebe9c86013cf62ee786339d5dbb6f52aa2d50d11f", "size": 442, "artifact_path": "wandb-client-artifact://m67jre2ofdzpqinhorzw2zq11z2xuzjothgq869hzx8l8963nvnyhdcqkeahcrc4452pd32xjt9s7f8j050yzom8b4917mjfs3z86tst2rapy2hy4x24f29hw88sp1yz:latest/Validation Relation Performance.table.json", "_latest_artifact_path": "wandb-client-artifact://m67jre2ofdzpqinhorzw2zq11z2xuzjothgq869hzx8l8963nvnyhdcqkeahcrc4452pd32xjt9s7f8j050yzom8b4917mjfs3z86tst2rapy2hy4x24f29hw88sp1yz:latest/Validation Relation Performance.table.json", "path": "media/table/Validation Relation Performance_7509_fe0921fe763648293059.table.json", "ncols": 4, "nrows": 6}, "Testing Micro AUROC": 0.843702779715416, "Testing Micro AUPRC": 0.8283766931685443, "Testing Macro AUROC": 0.8627580431852206, "Testing Macro AUPRC": 0.8446097445982718, "Testing Contraindication AUROC": 0.8268255430021787, "Testing Contraindication AUPRC": 0.7847626769273826, "Testing Indication AUROC": 0.9009364093823554, "Testing Indication AUPRC": 0.8914196621847069, "Testing Off-Label AUROC": 0.8687789351851851, "Testing Off-Label AUPRC": 0.84418387563915, "Testing Rev-Contraindication AUROC": 0.7978482064643652, "Testing Rev-Contraindication AUPRC": 0.791029363652107, "Testing Rev-Indication AUROC": 0.9090399521142765, "Testing Rev-Indication AUPRC": 0.8980402311901674, "Testing Rev-Off-Label AUROC": 0.8731192129629629, "Testing Rev-Off-Label AUPRC": 0.8582226579961169, "Testing Loss": 0.6556294560432434, "Testing Relation Performance": {"_type": "table-file", "sha256": "5e3f2b332b1f8be66afe5acc7a5991fe2efaac1e16e22045f34f59d7a325fa33", "size": 439, "artifact_path": "wandb-client-artifact://vzi6gy5cdnm473t5m67kyp50ff5fjss08qn5e5i9vmqjckxpg1j7hr7vrprfoxsyzy42kf45ntubokyjil7jp1jruy8mzkqpkr9v7fuv0kuulsqg32otk9vdz65x41o0:latest/Testing Relation Performance.table.json", "_latest_artifact_path": "wandb-client-artifact://vzi6gy5cdnm473t5m67kyp50ff5fjss08qn5e5i9vmqjckxpg1j7hr7vrprfoxsyzy42kf45ntubokyjil7jp1jruy8mzkqpkr9v7fuv0kuulsqg32otk9vdz65x41o0:latest/Testing Relation Performance.table.json", "path": "media/table/Testing Relation Performance_7532_5e3f2b332b1f8be66afe.table.json", "ncols": 4, "nrows": 6}, "_wandb": {"runtime": 4419}}