{"Pretraining Loss": 0.5445812940597534, "_timestamp": 1706546031.449155, "_runtime": 35393.2344930172, "_step": 7255, "Pretraining Micro AUROC": 0.8048615455627441, "Pretraining Micro AUPRC": 0.7849592141209126, "Pretraining Macro AUROC": 0.8000082469703549, "Pretraining Macro AUPRC": 0.8446553400524387, "Pretraining Contraindication AUROC": 0.8979591836734693, "Pretraining Contraindication AUPRC": 0.9129251700680272, "Pretraining Indication AUROC": 0.0, "Pretraining Indication AUPRC": 0.5, "Pretraining Rev-Contraindication AUROC": 1.0, "Pretraining Rev-Contraindication AUPRC": 1.0, "Pretraining LR": 0.001, "Pretraining Rev-Indication AUROC": 1.0, "Pretraining Rev-Indication AUPRC": 1.0, "Pretraining Off-Label AUROC": 0.0, "Pretraining Off-Label AUPRC": 0.5, "Pretraining Rev-Off-Label AUROC": 0.0, "Pretraining Rev-Off-Label AUPRC": 0.5, "Training Loss": 0.42571374773979187, "Training Micro AUROC": 0.8844122524600244, "Training Micro AUPRC": 0.8676970899909525, "Training Macro AUROC": 0.8882922519529313, "Training Macro AUPRC": 0.8668502642086257, "Training Contraindication AUROC": 0.9110855093685801, "Training Contraindication AUPRC": 0.892611538150239, "Training Indication AUROC": 0.9322188672866109, "Training Indication AUPRC": 0.9158300083128784, "Training Off-Label AUROC": 0.8597559454432822, "Training Off-Label AUPRC": 0.830969060457334, "Training Rev-Contraindication AUROC": 0.8101688041385114, "Training Rev-Contraindication AUPRC": 0.79022791705183, "Training Rev-Indication AUROC": 0.9283321299157815, "Training Rev-Indication AUPRC": 0.9124067264523772, "Training Rev-Off-Label AUROC": 0.888192255564822, "Training Rev-Off-Label AUPRC": 0.8590563348270955, "LR": 0.0005, "Validation Micro AUROC": 0.7547416666300861, "Validation Micro AUPRC": 0.7460677719716489, "Validation Macro AUROC": 0.7713971425025504, "Validation Macro AUPRC": 0.7593330272649079, "Validation Contraindication AUROC": 0.7606336992772342, "Validation Contraindication AUPRC": 0.7484330188405776, "Validation Indication AUROC": 0.8280694066128844, "Validation Indication AUPRC": 0.8203773773011637, "Validation Off-Label AUROC": 0.783180942401298, "Validation Off-Label AUPRC": 0.7746905342563675, "Validation Rev-Contraindication AUROC": 0.7136335511780929, "Validation Rev-Contraindication AUPRC": 0.7043827936911643, "Validation Rev-Indication AUROC": 0.8007622606837049, "Validation Rev-Indication AUPRC": 0.7896547364995983, "Validation Rev-Off-Label AUROC": 0.7421029948620876, "Validation Rev-Off-Label AUPRC": 0.7184597030005768, "Validation Loss": 0.6116065979003906, "Validation Relation Performance": {"_type": "table-file", "sha256": "e2d3d741fcf4f869a5f364d7e997246daf3c55ef3e081adf912750694bb3de02", "size": 441, "artifact_path": "wandb-client-artifact://5fy88jc3zi66ach8cbdzg73io7nlglccxoy5nq84p9xple8lzlis7g526uz5b3k2pb8k0yfd9ghy9i8n4hrupyx7c0w9ghwma7cejc0obk03n5jpz4l2joz8cgvl3p0j:latest/Validation Relation Performance.table.json", "_latest_artifact_path": "wandb-client-artifact://5fy88jc3zi66ach8cbdzg73io7nlglccxoy5nq84p9xple8lzlis7g526uz5b3k2pb8k0yfd9ghy9i8n4hrupyx7c0w9ghwma7cejc0obk03n5jpz4l2joz8cgvl3p0j:latest/Validation Relation Performance.table.json", "path": "media/table/Validation Relation Performance_7231_e2d3d741fcf4f869a5f3.table.json", "ncols": 4, "nrows": 6}}