{"Pretraining Loss": 0.5305250883102417, "_timestamp": 1706201411.1612968, "_runtime": 66452.74271678925, "_step": 7529, "Pretraining Micro AUROC": 0.7985315322875977, "Pretraining Micro AUPRC": 0.7707658945765417, "Pretraining Macro AUROC": 0.8256815050483788, "Pretraining Macro AUPRC": 0.8449834862662158, "Pretraining Contraindication AUROC": 0.888888888888889, "Pretraining Contraindication AUPRC": 0.8972222222222223, "Pretraining Indication AUROC": 1.0, "Pretraining Indication AUPRC": 1.0, "Pretraining Rev-Contraindication AUROC": 0.8024691358024691, "Pretraining Rev-Contraindication AUPRC": 0.8343915343915347, "Pretraining Rev-Indication AUROC": 1.0, "Pretraining Rev-Indication AUPRC": 1.0, "Pretraining Rev-Off-Label AUROC": 1.0, "Pretraining Rev-Off-Label AUPRC": 1.0, "Pretraining LR": 0.001, "Pretraining Off-Label AUROC": 0.75, "Pretraining Off-Label AUPRC": 0.8333333333333333, "Training Loss": 0.37043270468711853, "Training Micro AUROC": 0.9138388622596489, "Training Micro AUPRC": 0.8962364234638505, "Training Macro AUROC": 0.9258961919089499, "Training Macro AUPRC": 0.9065880974111264, "Training Contraindication AUROC": 0.925940681891916, "Training Contraindication AUPRC": 0.9049688284021922, "Training Indication AUROC": 0.9558269114142238, "Training Indication AUPRC": 0.9453565945963452, "Training Off-Label AUROC": 0.9255540949469995, "Training Off-Label AUPRC": 0.9041107300068099, "Training Rev-Contraindication AUROC": 0.856435541580348, "Training Rev-Contraindication AUPRC": 0.8317092944045905, "Training Rev-Indication AUROC": 0.9592467136732957, "Training Rev-Indication AUPRC": 0.9484362403454624, "Training Rev-Off-Label AUROC": 0.9323732079469161, "Training Rev-Off-Label AUPRC": 0.9049468967113589, "LR": 0.0005, "Validation Micro AUROC": 0.7383395327780983, "Validation Micro AUPRC": 0.7334545163842614, "Validation Macro AUROC": 0.7696640481535907, "Validation Macro AUPRC": 0.7569754512886705, "Validation Contraindication AUROC": 0.7278006959282814, "Validation Contraindication AUPRC": 0.7171457145655287, "Validation Indication AUROC": 0.8010960773987545, "Validation Indication AUPRC": 0.8019035391815428, "Validation Off-Label AUROC": 0.8070061436672967, "Validation Off-Label AUPRC": 0.787012194902717, "Validation Rev-Contraindication AUROC": 0.703028998116199, "Validation Rev-Contraindication AUPRC": 0.6968719328628534, "Validation Rev-Indication AUROC": 0.8009923549074205, "Validation Rev-Indication AUPRC": 0.7931350042715218, "Validation Rev-Off-Label AUROC": 0.7780600189035917, "Validation Rev-Off-Label AUPRC": 0.7457843219478584, "Validation Loss": 0.6735241413116455, "Validation Relation Performance": {"_type": "table-file", "sha256": "9b67cafd9dc7e69e3d59a356b6b533e445775cdb3cbb1f4766226d2f3cb7a084", "size": 440, "artifact_path": "wandb-client-artifact://j3zff11vyol2238weuce4540uemalshyn6x44tyiezrmjsaz10ot2e8emaklm35qr1qak400tjeol2xvb757xp1y3goms1klbzxq4ghkhj8okz6vsdit684x5gbifvn3:latest/Validation Relation Performance.table.json", "_latest_artifact_path": "wandb-client-artifact://j3zff11vyol2238weuce4540uemalshyn6x44tyiezrmjsaz10ot2e8emaklm35qr1qak400tjeol2xvb757xp1y3goms1klbzxq4ghkhj8okz6vsdit684x5gbifvn3:latest/Validation Relation Performance.table.json", "path": "media/table/Validation Relation Performance_7506_9b67cafd9dc7e69e3d59.table.json", "ncols": 4, "nrows": 6}, "Testing Micro AUROC": 0.7616363318110744, "Testing Micro AUPRC": 0.7411829807191022, "Testing Macro AUROC": 0.7827013985754475, "Testing Macro AUPRC": 0.7677806587171512, "Testing Contraindication AUROC": 0.7419262045622435, "Testing Contraindication AUPRC": 0.702411298302682, "Testing Indication AUROC": 0.8493272803768288, "Testing Indication AUPRC": 0.8338914101026544, "Testing Off-Label AUROC": 0.7840400382274534, "Testing Off-Label AUPRC": 0.7834956364195196, "Testing Rev-Contraindication AUROC": 0.7074691991457075, "Testing Rev-Contraindication AUPRC": 0.705874176312193, "Testing Rev-Indication AUROC": 0.8438666741200803, "Testing Rev-Indication AUPRC": 0.817304899897551, "Testing Rev-Off-Label AUROC": 0.7695789950203712, "Testing Rev-Off-Label AUPRC": 0.7637065312683075, "Testing Loss": 0.6450722813606262, "Testing Relation Performance": {"_type": "table-file", "sha256": "01a466e2cec098365a1096252483a260a63688cdd8982ecaaf23cc7c2734f9a7", "size": 439, "artifact_path": "wandb-client-artifact://yyroxg16yt9htvxk96m1kufm1oekps6c8q54zcpyn9mtf4ricjieoqljj0ss2gi8mitp4xfk0539z2nyyu7i6ctlbs4zjss2lmj77akirs6jz46roxrwu8nhcz1a890f:latest/Testing Relation Performance.table.json", "_latest_artifact_path": "wandb-client-artifact://yyroxg16yt9htvxk96m1kufm1oekps6c8q54zcpyn9mtf4ricjieoqljj0ss2gi8mitp4xfk0539z2nyyu7i6ctlbs4zjss2lmj77akirs6jz46roxrwu8nhcz1a890f:latest/Testing Relation Performance.table.json", "path": "media/table/Testing Relation Performance_7529_01a466e2cec098365a10.table.json", "ncols": 4, "nrows": 6}}