{"Pretraining Loss": 0.5668403506278992, "_timestamp": 1706382767.4153037, "_runtime": 4060.4616107940674, "_step": 6906, "Pretraining Micro AUROC": 0.802464485168457, "Pretraining Micro AUPRC": 0.7799320972846144, "Pretraining Macro AUROC": 0.866028537500461, "Pretraining Macro AUPRC": 0.8755685032110989, "Pretraining Contraindication AUROC": 0.75, "Pretraining Contraindication AUPRC": 0.8333333333333333, "Pretraining Indication AUROC": 1.0, "Pretraining Indication AUPRC": 1.0, "Pretraining Rev-Contraindication AUROC": 0.859375, "Pretraining Rev-Contraindication AUPRC": 0.843190836940837, "Pretraining Rev-Indication AUROC": 0.9375, "Pretraining Rev-Indication AUPRC": 0.95, "Pretraining Rev-Off-Label AUROC": 0.75, "Pretraining Rev-Off-Label AUPRC": 0.8333333333333333, "Pretraining LR": 0.001, "Pretraining Off-Label AUROC": 1.0, "Pretraining Off-Label AUPRC": 1.0, "_wandb": {"runtime": 4061}}