{"Pretraining Loss": 0.503372311592102, "_timestamp": 1706416160.0567012, "_runtime": 4247.501776218414, "_step": 7062, "Pretraining Micro AUROC": 0.8123197555541992, "Pretraining Micro AUPRC": 0.7727747458914466, "Pretraining Macro AUROC": 0.8636130912344809, "Pretraining Macro AUPRC": 0.8721464993172262, "Pretraining Contraindication AUROC": 0.9183673469387754, "Pretraining Contraindication AUPRC": 0.8859754602759815, "Pretraining Indication AUROC": 0.984375, "Pretraining Indication AUPRC": 0.9861111111111112, "Pretraining Off-Label AUROC": 1.0, "Pretraining Off-Label AUPRC": 1.0, "Pretraining Rev-Contraindication AUROC": 1.0, "Pretraining Rev-Contraindication AUPRC": 1.0, "Pretraining LR": 0.001, "Pretraining Rev-Indication AUROC": 1.0, "Pretraining Rev-Indication AUPRC": 1.0, "Pretraining Rev-Off-Label AUROC": 1.0, "Pretraining Rev-Off-Label AUPRC": 1.0, "Training Loss": 0.7473810911178589, "Training Micro AUROC": 0.5170547503300718, "Training Micro AUPRC": 0.51223254169113, "Training Macro AUROC": 0.5060762253316664, "Training Macro AUPRC": 0.5083518145970184, "Training Contraindication AUROC": 0.5195899127498765, "Training Contraindication AUPRC": 0.5288984500621032, "Training Indication AUROC": 0.5297680112336941, "Training Indication AUPRC": 0.5259726110832229, "Training Off-Label AUROC": 0.5243601986338534, "Training Off-Label AUPRC": 0.5225930780337069, "Training Rev-Contraindication AUROC": 0.46513097531280384, "Training Rev-Contraindication AUPRC": 0.47029533094042, "Training Rev-Indication AUROC": 0.5698959217238547, "Training Rev-Indication AUPRC": 0.5497911162359619, "Training Rev-Off-Label AUROC": 0.42771233233591577, "Training Rev-Off-Label AUPRC": 0.4525603012266951, "LR": 0.0005, "_wandb": {"runtime": 4257}}