{"Pretraining Loss": 0.5012831091880798, "_timestamp": 1705733840.4551766, "_runtime": 27111.422805547714, "_step": 14439, "Pretraining Micro AUROC": 0.811647891998291, "Pretraining Micro AUPRC": 0.7821849446717563, "Pretraining Macro AUROC": 0.892262882331767, "Pretraining Macro AUPRC": 0.8949122591968421, "Pretraining Contraindication AUROC": 1.0, "Pretraining Contraindication AUPRC": 1.0, "Pretraining Rev-Contraindication AUROC": 0.92, "Pretraining Rev-Contraindication AUPRC": 0.9266666666666665, "Pretraining Rev-Indication AUROC": 1.0, "Pretraining Rev-Indication AUPRC": 1.0, "Pretraining Rev-Off-Label AUROC": 0.0, "Pretraining Rev-Off-Label AUPRC": 0.5, "Pretraining LR": 0.001, "Pretraining Indication AUROC": 1.0, "Pretraining Indication AUPRC": 1.0, "Pretraining Off-Label AUROC": 0.75, "Pretraining Off-Label AUPRC": 0.8333333333333333, "Training Loss": 0.34063011407852173, "Training Micro AUROC": 0.9254533620395129, "Training Micro AUPRC": 0.9081246093226222, "Training Macro AUROC": 0.9345822735267989, "Training Macro AUPRC": 0.9155725368543165, "Training Contraindication AUROC": 0.9355927524536543, "Training Contraindication AUPRC": 0.9128550026916664, "Training Indication AUROC": 0.963576340005305, "Training Indication AUPRC": 0.9544043095142858, "Training Off-Label AUROC": 0.9269694233564398, "Training Off-Label AUPRC": 0.9005463444664381, "Training Rev-Contraindication AUROC": 0.8714314081014176, "Training Rev-Contraindication AUPRC": 0.8506803356321107, "Training Rev-Indication AUROC": 0.967793304504271, "Training Rev-Indication AUPRC": 0.9554887971982837, "Training Rev-Off-Label AUROC": 0.9421304127397059, "Training Rev-Off-Label AUPRC": 0.919460431623114, "LR": 0.0005, "Validation Micro AUROC": 0.7977747595078835, "Validation Micro AUPRC": 0.7961878304866086, "Validation Macro AUROC": 0.8226374595667453, "Validation Macro AUPRC": 0.811161197630002, "Validation Contraindication AUROC": 0.7820166773334818, "Validation Contraindication AUPRC": 0.7874281983368578, "Validation Indication AUROC": 0.8652337471897258, "Validation Indication AUPRC": 0.8596012715855396, "Validation Off-Label AUROC": 0.8137542523641583, "Validation Off-Label AUPRC": 0.7922355840737949, "Validation Rev-Contraindication AUROC": 0.7506038672802733, "Validation Rev-Contraindication AUPRC": 0.7460351619141332, "Validation Rev-Indication AUROC": 0.8833482627943319, "Validation Rev-Indication AUPRC": 0.8731241817218703, "Validation Rev-Off-Label AUROC": 0.8408679504385006, "Validation Rev-Off-Label AUPRC": 0.8085427881478173, "Validation Loss": 0.6151661276817322, "Validation Relation Performance": {"_type": "table-file", "sha256": "20cc8e7fc2e81ab95d131b149da4c95385abcc608d0c287a66e0bacf153b56e8", "size": 442, "artifact_path": "wandb-client-artifact://g7bio6vr0t4i7z0eniq1odn9q0p2l7ht1yezvhf3bvk7phjejx6o55jr7ukkxnno5miod2gs8l8xnv1m1vnh2l8dnfw81n4icsviq1rzohirj1jx4w49y6zr3vsrhwwb:latest/Validation Relation Performance.table.json", "_latest_artifact_path": "wandb-client-artifact://g7bio6vr0t4i7z0eniq1odn9q0p2l7ht1yezvhf3bvk7phjejx6o55jr7ukkxnno5miod2gs8l8xnv1m1vnh2l8dnfw81n4icsviq1rzohirj1jx4w49y6zr3vsrhwwb:latest/Validation Relation Performance.table.json", "path": "media/table/Validation Relation Performance_14416_20cc8e7fc2e81ab95d13.table.json", "ncols": 4, "nrows": 6}, "Testing Micro AUROC": 0.831469866628338, "Testing Micro AUPRC": 0.8049581150713954, "Testing Macro AUROC": 0.8418506587500677, "Testing Macro AUPRC": 0.809456071759198, "Testing Contraindication AUROC": 0.8387484557849105, "Testing Contraindication AUPRC": 0.8004400517536756, "Testing Indication AUROC": 0.8812444200957714, "Testing Indication AUPRC": 0.8599495027550087, "Testing Off-Label AUROC": 0.8406635802469136, "Testing Off-Label AUPRC": 0.8047912209822206, "Testing Rev-Contraindication AUROC": 0.7745342647290043, "Testing Rev-Contraindication AUPRC": 0.7552748885271126, "Testing Rev-Indication AUROC": 0.8806991112734356, "Testing Rev-Indication AUPRC": 0.8591714732293729, "Testing Rev-Off-Label AUROC": 0.8352141203703703, "Testing Rev-Off-Label AUPRC": 0.7771092933077969, "Testing Loss": 0.5186248421669006, "Testing Relation Performance": {"_type": "table-file", "sha256": "6f1886218d7c4dc36451dfb4b916095a925909dbac0655e00ce7966ad618cf53", "size": 442, "artifact_path": "wandb-client-artifact://4xu7xumv617o60vmn9cmq9n0mecldydcvl6o4rzxnvmnzlu1tzjhwuy56o8ko3whpnvi7zwxkod7ysy5v890lieich0mg81zk2wvty7xim1kjhcfom0e2ocbj7r5w2wz:latest/Testing Relation Performance.table.json", "_latest_artifact_path": "wandb-client-artifact://4xu7xumv617o60vmn9cmq9n0mecldydcvl6o4rzxnvmnzlu1tzjhwuy56o8ko3whpnvi7zwxkod7ysy5v890lieich0mg81zk2wvty7xim1kjhcfom0e2ocbj7r5w2wz:latest/Testing Relation Performance.table.json", "path": "media/table/Testing Relation Performance_14439_6f1886218d7c4dc36451.table.json", "ncols": 4, "nrows": 6}}