{"Pretraining Loss": 0.5500275492668152, "_timestamp": 1706471856.718657, "_runtime": 4603.598827123642, "_step": 7532, "Pretraining Micro AUROC": 0.8091492652893066, "Pretraining Micro AUPRC": 0.7782553188972463, "Pretraining Macro AUROC": 0.7461919543830903, "Pretraining Macro AUPRC": 0.8160974580247468, "Pretraining Contraindication AUROC": 1.0, "Pretraining Contraindication AUPRC": 1.0, "Pretraining Indication AUROC": 1.0, "Pretraining Indication AUPRC": 1.0, "Pretraining Rev-Contraindication AUROC": 0.5555555555555556, "Pretraining Rev-Contraindication AUPRC": 0.7222222222222222, "Pretraining Rev-Indication AUROC": 1.0, "Pretraining Rev-Indication AUPRC": 1.0, "Pretraining LR": 0.001, "Pretraining Rev-Off-Label AUROC": 1.0, "Pretraining Rev-Off-Label AUPRC": 1.0, "Pretraining Off-Label AUROC": 1.0, "Pretraining Off-Label AUPRC": 1.0, "Training Loss": 0.3344790041446686, "Training Micro AUROC": 0.9321451186771006, "Training Micro AUPRC": 0.9168766098981906, "Training Macro AUROC": 0.9439310908260766, "Training Macro AUPRC": 0.9283042738763373, "Training Contraindication AUROC": 0.9419230177526814, "Training Contraindication AUPRC": 0.921795096613568, "Training Indication AUROC": 0.9696545033307848, "Training Indication AUPRC": 0.9612677319050686, "Training Off-Label AUROC": 0.9470352285516953, "Training Off-Label AUPRC": 0.9284788865853038, "Training Rev-Contraindication AUROC": 0.8772108264868774, "Training Rev-Contraindication AUPRC": 0.8555596791381533, "Training Rev-Indication AUROC": 0.9715152940856414, "Training Rev-Indication AUPRC": 0.9611074070102934, "Training Rev-Off-Label AUROC": 0.9562476747487791, "Training Rev-Off-Label AUPRC": 0.9416168420056363, "LR": 0.0004, "Validation Micro AUROC": 0.7958109520222043, "Validation Micro AUPRC": 0.7962032019087324, "Validation Macro AUROC": 0.8199297694752117, "Validation Macro AUPRC": 0.808825676086002, "Validation Contraindication AUROC": 0.785068313993934, "Validation Contraindication AUPRC": 0.7924224264209041, "Validation Indication AUROC": 0.8670280615198778, "Validation Indication AUPRC": 0.864110019199196, "Validation Off-Label AUROC": 0.8150104553540776, "Validation Off-Label AUPRC": 0.7908603711769167, "Validation Rev-Contraindication AUROC": 0.7437248724362283, "Validation Rev-Contraindication AUPRC": 0.7453609564695871, "Validation Rev-Indication AUROC": 0.8752289209751362, "Validation Rev-Indication AUPRC": 0.8647693211872469, "Validation Rev-Off-Label AUROC": 0.8335179925720171, "Validation Rev-Off-Label AUPRC": 0.7954309620621606, "Validation Loss": 0.6451126337051392, "Validation Relation Performance": {"_type": "table-file", "sha256": "d6671852efabc299c45d48d30048792a9a468f5bebf90d2e48a4566d3ebf8cf5", "size": 440, "artifact_path": "wandb-client-artifact://ss65pg3dw057p24iajvdkt4v05vhq22n8c4xu07jusoajrnmxqt2dkpugkupi09uey6drhcpry3zpq7q3b2lksg9cn6ymy210sm2nk228gmsdz0dc02pe2t1ytshb3we:latest/Validation Relation Performance.table.json", "_latest_artifact_path": "wandb-client-artifact://ss65pg3dw057p24iajvdkt4v05vhq22n8c4xu07jusoajrnmxqt2dkpugkupi09uey6drhcpry3zpq7q3b2lksg9cn6ymy210sm2nk228gmsdz0dc02pe2t1ytshb3we:latest/Validation Relation Performance.table.json", "path": "media/table/Validation Relation Performance_7509_d6671852efabc299c45d.table.json", "ncols": 4, "nrows": 6}, "Testing Micro AUROC": 0.8340339084013071, "Testing Micro AUPRC": 0.8122801305138609, "Testing Macro AUROC": 0.8522631773158297, "Testing Macro AUPRC": 0.8260763134398997, "Testing Contraindication AUROC": 0.8276763774398598, "Testing Contraindication AUPRC": 0.7834447052213547, "Testing Indication AUROC": 0.8892794821848876, "Testing Indication AUPRC": 0.879184952413184, "Testing Off-Label AUROC": 0.8722993827160493, "Testing Off-Label AUPRC": 0.8426893365664456, "Testing Rev-Contraindication AUROC": 0.7789456660901597, "Testing Rev-Contraindication AUPRC": 0.7605586326662346, "Testing Rev-Indication AUROC": 0.885183325217109, "Testing Rev-Indication AUPRC": 0.8698734589131997, "Testing Rev-Off-Label AUROC": 0.8601948302469136, "Testing Rev-Off-Label AUPRC": 0.8207067948589797, "Testing Loss": 0.5200115442276001, "Testing Relation Performance": {"_type": "table-file", "sha256": "e356e96bb563c6bffe673f0d47308e828338b26f4cb8b589aa407f7798b1254a", "size": 440, "artifact_path": "wandb-client-artifact://gtcld1o61zl0hkaklceomcraa5dpgsapd18iylbkw98wfj08e65qfn1uqv6m6vblwist93hft3gjvcgfypz3qu011avv3ls6e2ghs5hikgxioorfg2l154itnr1va7sl:latest/Testing Relation Performance.table.json", "_latest_artifact_path": "wandb-client-artifact://gtcld1o61zl0hkaklceomcraa5dpgsapd18iylbkw98wfj08e65qfn1uqv6m6vblwist93hft3gjvcgfypz3qu011avv3ls6e2ghs5hikgxioorfg2l154itnr1va7sl:latest/Testing Relation Performance.table.json", "path": "media/table/Testing Relation Performance_7532_e356e96bb563c6bffe67.table.json", "ncols": 4, "nrows": 6}, "_wandb": {"runtime": 4546}}