{"Pretraining Loss": 0.5663949847221375, "_timestamp": 1706387726.984917, "_runtime": 4321.641032934189, "_step": 7532, "Pretraining Micro AUROC": 0.7883205413818359, "Pretraining Micro AUPRC": 0.7597252444657407, "Pretraining Macro AUROC": 0.8275206256347516, "Pretraining Macro AUPRC": 0.8593917954742112, "Pretraining Contraindication AUROC": 0.9387755102040816, "Pretraining Contraindication AUPRC": 0.947845804988662, "Pretraining Rev-Contraindication AUROC": 0.8125, "Pretraining Rev-Contraindication AUPRC": 0.8928571428571428, "Pretraining LR": 0.001, "Pretraining Rev-Indication AUROC": 1.0, "Pretraining Rev-Indication AUPRC": 1.0, "Pretraining Indication AUROC": 1.0, "Pretraining Indication AUPRC": 1.0, "Pretraining Off-Label AUROC": 1.0, "Pretraining Off-Label AUPRC": 1.0, "Pretraining Rev-Off-Label AUROC": 1.0, "Pretraining Rev-Off-Label AUPRC": 1.0, "Training Loss": 0.3336001932621002, "Training Micro AUROC": 0.9280299875194267, "Training Micro AUPRC": 0.9109212583560498, "Training Macro AUROC": 0.938686122057025, "Training Macro AUPRC": 0.920380021982516, "Training Contraindication AUROC": 0.9365772191056237, "Training Contraindication AUPRC": 0.9140321672869482, "Training Indication AUROC": 0.9667637797197187, "Training Indication AUPRC": 0.9571468679514528, "Training Off-Label AUROC": 0.9384993894604854, "Training Off-Label AUPRC": 0.9181358030161483, "Training Rev-Contraindication AUROC": 0.8748909344997997, "Training Rev-Contraindication AUPRC": 0.8539439819170442, "Training Rev-Indication AUROC": 0.9689315523805981, "Training Rev-Indication AUPRC": 0.957272068026402, "Training Rev-Off-Label AUROC": 0.9464538571759243, "Training Rev-Off-Label AUPRC": 0.9217492436971009, "LR": 0.0005, "Validation Micro AUROC": 0.7924632943126286, "Validation Micro AUPRC": 0.7935821144118017, "Validation Macro AUROC": 0.8178975446955631, "Validation Macro AUPRC": 0.8106821597648511, "Validation Contraindication AUROC": 0.7784526868896738, "Validation Contraindication AUPRC": 0.7856980409035638, "Validation Indication AUROC": 0.8542075605754775, "Validation Indication AUPRC": 0.8475925079908044, "Validation Off-Label AUROC": 0.8131612621328922, "Validation Off-Label AUPRC": 0.8015230141237654, "Validation Rev-Contraindication AUROC": 0.7454191955263274, "Validation Rev-Contraindication AUPRC": 0.7453966755606172, "Validation Rev-Indication AUROC": 0.8741608546753608, "Validation Rev-Indication AUPRC": 0.865937794579406, "Validation Rev-Off-Label AUROC": 0.8419837083736462, "Validation Rev-Off-Label AUPRC": 0.8179449254309504, "Validation Loss": 0.641285240650177, "Validation Relation Performance": {"_type": "table-file", "sha256": "1ea265c67495aa4cbb03f4dfb53addfec8f4086dcd57965090da6fbeacba98e0", "size": 441, "artifact_path": "wandb-client-artifact://d8ypv1gkkjxe8yptwiikket4rctx7rf1b8025980dz86byj4l9a369bytqac8r3ah5iup95zfppphmhgarnklauh2x9cacl7hvcrea1jat2zbbgd0bnrmpkha5ofrx2x:latest/Validation Relation Performance.table.json", "_latest_artifact_path": "wandb-client-artifact://d8ypv1gkkjxe8yptwiikket4rctx7rf1b8025980dz86byj4l9a369bytqac8r3ah5iup95zfppphmhgarnklauh2x9cacl7hvcrea1jat2zbbgd0bnrmpkha5ofrx2x:latest/Validation Relation Performance.table.json", "path": "media/table/Validation Relation Performance_7509_1ea265c67495aa4cbb03.table.json", "ncols": 4, "nrows": 6}, "Testing Micro AUROC": 0.8367906746895385, "Testing Micro AUPRC": 0.8137028394899226, "Testing Macro AUROC": 0.8498924332880212, "Testing Macro AUPRC": 0.8208858347523869, "Testing Contraindication AUROC": 0.8384488219042698, "Testing Contraindication AUPRC": 0.7954230024852322, "Testing Indication AUROC": 0.8834053648242838, "Testing Indication AUPRC": 0.8679740515131344, "Testing Off-Label AUROC": 0.8621238425925927, "Testing Off-Label AUPRC": 0.8355055069202948, "Testing Rev-Contraindication AUROC": 0.7872365849823678, "Testing Rev-Contraindication AUPRC": 0.7681310029400827, "Testing Rev-Indication AUROC": 0.8836666057949841, "Testing Rev-Indication AUPRC": 0.8661649686361972, "Testing Rev-Off-Label AUROC": 0.8444733796296297, "Testing Rev-Off-Label AUPRC": 0.7921164760193803, "Testing Loss": 0.5135242342948914, "Testing Relation Performance": {"_type": "table-file", "sha256": "50fe7da33e9ca3aa2554a8ae45ce7e23affd8ff0fdf7b8846beeb2acb90ec25d", "size": 442, "artifact_path": "wandb-client-artifact://ebbtom1mt54kn4nii71dgh9d68zdggm2wfm0kgx8ectlwnw0ewp3ovzr8xcals3uy6dzeazfo6qfltahmkzgmzc4zejp3hrqjyaelxr2258ij79holhksvbefzg7mqjv:latest/Testing Relation Performance.table.json", "_latest_artifact_path": "wandb-client-artifact://ebbtom1mt54kn4nii71dgh9d68zdggm2wfm0kgx8ectlwnw0ewp3ovzr8xcals3uy6dzeazfo6qfltahmkzgmzc4zejp3hrqjyaelxr2258ij79holhksvbefzg7mqjv:latest/Testing Relation Performance.table.json", "path": "media/table/Testing Relation Performance_7532_50fe7da33e9ca3aa2554.table.json", "ncols": 4, "nrows": 6}, "_wandb": {"runtime": 4321}}