{"Pretraining Loss": 0.5507080554962158, "_timestamp": 1706208368.7566288, "_runtime": 6321.136489868164, "_step": 7532, "Pretraining Micro AUROC": 0.7868475914001465, "Pretraining Micro AUPRC": 0.7593991191119026, "Pretraining Macro AUROC": 0.8140193759687665, "Pretraining Macro AUPRC": 0.8315187517528453, "Pretraining Contraindication AUROC": 0.5, "Pretraining Contraindication AUPRC": 0.5833333333333333, "Pretraining Indication AUROC": 1.0, "Pretraining Indication AUPRC": 1.0, "Pretraining Rev-Contraindication AUROC": 0.375, "Pretraining Rev-Contraindication AUPRC": 0.47619047619047616, "Pretraining LR": 0.001, "Pretraining Rev-Indication AUROC": 1.0, "Pretraining Rev-Indication AUPRC": 1.0, "Pretraining Rev-Off-Label AUROC": 0.0, "Pretraining Rev-Off-Label AUPRC": 0.5, "Pretraining Off-Label AUROC": 1.0, "Pretraining Off-Label AUPRC": 1.0, "Training Loss": 0.3675154447555542, "Training Micro AUROC": 0.9131172851797016, "Training Micro AUPRC": 0.8955010797463461, "Training Macro AUROC": 0.9231485000087281, "Training Macro AUPRC": 0.9045747498480127, "Training Contraindication AUROC": 0.9250070877416848, "Training Contraindication AUPRC": 0.9032598525584341, "Training Indication AUROC": 0.9540167308411434, "Training Indication AUPRC": 0.9413829146453372, "Training Off-Label AUROC": 0.9170120056433771, "Training Off-Label AUPRC": 0.8949701235585465, "Training Rev-Contraindication AUROC": 0.8560078522819463, "Training Rev-Contraindication AUPRC": 0.8332324997302702, "Training Rev-Indication AUROC": 0.9572115131933971, "Training Rev-Indication AUPRC": 0.944437571485266, "Training Rev-Off-Label AUROC": 0.9296358103508191, "Training Rev-Off-Label AUPRC": 0.910165537110222, "LR": 0.0005, "Validation Micro AUROC": 0.7650434784844138, "Validation Micro AUPRC": 0.7752776947699778, "Validation Macro AUROC": 0.8105278780475419, "Validation Macro AUPRC": 0.8066080559442038, "Validation Contraindication AUROC": 0.7141535564931429, "Validation Contraindication AUPRC": 0.7519794773090327, "Validation Indication AUROC": 0.8515217411307167, "Validation Indication AUPRC": 0.8350174491698885, "Validation Off-Label AUROC": 0.8387830737474199, "Validation Off-Label AUPRC": 0.813813493945042, "Validation Rev-Contraindication AUROC": 0.7431661068325632, "Validation Rev-Contraindication AUPRC": 0.733438799305591, "Validation Rev-Indication AUROC": 0.879181605994338, "Validation Rev-Indication AUPRC": 0.8716522359358083, "Validation Rev-Off-Label AUROC": 0.8363611840870708, "Validation Rev-Off-Label AUPRC": 0.8337468799998602, "Validation Loss": 0.7227362394332886, "Validation Relation Performance": {"_type": "table-file", "sha256": "fcb18064dee23a3f66af3c8ddf7330c52e6a5d8de3ac68e122e5b544027cd8a6", "size": 439, "artifact_path": "wandb-client-artifact://bhxkxj4ka6g5hg0ko6f2xeyp2iyokeaxyak8wqwow7361phg2efmv9hj6uwmdj3orq3rln5oiwt3qtjhwbzdk18a845426d8cf1cvz9v8vwud1t09dlurhr2oa9mwh2t:latest/Validation Relation Performance.table.json", "_latest_artifact_path": "wandb-client-artifact://bhxkxj4ka6g5hg0ko6f2xeyp2iyokeaxyak8wqwow7361phg2efmv9hj6uwmdj3orq3rln5oiwt3qtjhwbzdk18a845426d8cf1cvz9v8vwud1t09dlurhr2oa9mwh2t:latest/Validation Relation Performance.table.json", "path": "media/table/Validation Relation Performance_7508_fcb18064dee23a3f66af.table.json", "ncols": 4, "nrows": 6}, "Testing Micro AUROC": 0.7052057602024138, "Testing Micro AUPRC": 0.7065414849086668, "Testing Macro AUROC": 0.7500451157495992, "Testing Macro AUPRC": 0.7386497989642603, "Testing Contraindication AUROC": 0.6663567600218174, "Testing Contraindication AUPRC": 0.6405275746594685, "Testing Indication AUROC": 0.8019639228240316, "Testing Indication AUPRC": 0.8012241259304733, "Testing Off-Label AUROC": 0.777470110242741, "Testing Off-Label AUPRC": 0.7553146319382884, "Testing Rev-Contraindication AUROC": 0.6863299615490374, "Testing Rev-Contraindication AUPRC": 0.6949085759566999, "Testing Rev-Indication AUROC": 0.772771853839575, "Testing Rev-Indication AUPRC": 0.7734998401320753, "Testing Rev-Off-Label AUROC": 0.7953780860203923, "Testing Rev-Off-Label AUPRC": 0.7664240451685569, "Testing Loss": 0.7516669034957886, "Testing Relation Performance": {"_type": "table-file", "sha256": "b9b245024c382b47b1d7e834f6599cc537a9933068d4a78a683b267b2ee2e88e", "size": 440, "artifact_path": "wandb-client-artifact://xzfkqyi81ky5zh5rygpmott3kj2xb03b71ywayett0gv3s53ftad9a5vg7w907d8ljimhd3jye4l1djo8broycvtm8gsfdxgjapgd4kgsojhmlewz2kd2hseth9dkp5p:latest/Testing Relation Performance.table.json", "_latest_artifact_path": "wandb-client-artifact://xzfkqyi81ky5zh5rygpmott3kj2xb03b71ywayett0gv3s53ftad9a5vg7w907d8ljimhd3jye4l1djo8broycvtm8gsfdxgjapgd4kgsojhmlewz2kd2hseth9dkp5p:latest/Testing Relation Performance.table.json", "path": "media/table/Testing Relation Performance_7531_b9b245024c382b47b1d7.table.json", "ncols": 4, "nrows": 6}, "disease_centric_evaluation_rev_contraindication": {"_type": "table-file", "sha256": "8e7b626408e0a1071159c7591a8fbe127b13d3505522c0c1b5e70589f46801af", "size": 2461, "artifact_path": "wandb-client-artifact://a9dme1o89tl6bjn687hrfmlyf395fnrqbnzw4xdthcdk9e6g2uy4du4v95fhcqmxe5tbg9zq8w5w8ez2j340ip1xoijuz1lkdn6hg96wcph6csmpbvsrdqwxv2t6kiae:latest/disease_centric_evaluation_rev_contraindication.table.json", "_latest_artifact_path": "wandb-client-artifact://a9dme1o89tl6bjn687hrfmlyf395fnrqbnzw4xdthcdk9e6g2uy4du4v95fhcqmxe5tbg9zq8w5w8ez2j340ip1xoijuz1lkdn6hg96wcph6csmpbvsrdqwxv2t6kiae:latest/disease_centric_evaluation_rev_contraindication.table.json", "path": "media/table/disease_centric_evaluation_rev_contraindication_7532_8e7b626408e0a1071159.table.json", "ncols": 4, "nrows": 42}, "disease_centric_evaluation_rev_indication": {"_type": "table-file", "sha256": "8e96e91c0b8afdc5bf0b64884c56ecfc0e4678f7c0a394e6b53d986baabe1084", "size": 2489, "artifact_path": "wandb-client-artifact://jy5g4pk5xvz18uvomj493hu7vkg491ndhknx02fag7083mi6j1dpasybwcf3pxiyhld2yi3egr1s7e7v69kc1vcjypar19li54txi9umq17s4w0gezflaikmyi1k6zds:latest/disease_centric_evaluation_rev_indication.table.json", "_latest_artifact_path": "wandb-client-artifact://jy5g4pk5xvz18uvomj493hu7vkg491ndhknx02fag7083mi6j1dpasybwcf3pxiyhld2yi3egr1s7e7v69kc1vcjypar19li54txi9umq17s4w0gezflaikmyi1k6zds:latest/disease_centric_evaluation_rev_indication.table.json", "path": "media/table/disease_centric_evaluation_rev_indication_7532_8e96e91c0b8afdc5bf0b.table.json", "ncols": 4, "nrows": 42}, "disease_centric_evaluation_rev_off-label use": {"_type": "table-file", "sha256": "f587be17f4bd65098b7fad5e067ba538055a88d89a2fa96555312f4d07bc0647", "size": 2502, "artifact_path": "wandb-client-artifact://eyw44mr0yeqy9y98quqd00qs5pp42z40qlg2jccvk8hf1qodbo8u0y3lrr5ngpcdq02680uo2nbaev58o3z58cth3dr950nf3x8hv89elwo28q3cy48iy8rbay46s0km:latest/disease_centric_evaluation_rev_off-label use.table.json", "_latest_artifact_path": "wandb-client-artifact://eyw44mr0yeqy9y98quqd00qs5pp42z40qlg2jccvk8hf1qodbo8u0y3lrr5ngpcdq02680uo2nbaev58o3z58cth3dr950nf3x8hv89elwo28q3cy48iy8rbay46s0km:latest/disease_centric_evaluation_rev_off-label use.table.json", "path": "media/table/disease_centric_evaluation_rev_off-label use_7532_f587be17f4bd65098b7f.table.json", "ncols": 4, "nrows": 42}, "_wandb": {"runtime": 6323}}