{"Pretraining Loss": 0.5236181616783142, "_timestamp": 1706411852.8986375, "_runtime": 4077.074953556061, "_step": 6908, "Pretraining Micro AUROC": 0.7979059219360352, "Pretraining Micro AUPRC": 0.7613148206270149, "Pretraining Macro AUROC": 0.8381479217672697, "Pretraining Macro AUPRC": 0.8568294912473068, "Pretraining Contraindication AUROC": 0.4444444444444445, "Pretraining Contraindication AUPRC": 0.5333333333333333, "Pretraining Indication AUROC": 0.6666666666666667, "Pretraining Indication AUPRC": 0.7555555555555555, "Pretraining Rev-Contraindication AUROC": 0.92, "Pretraining Rev-Contraindication AUPRC": 0.9428571428571428, "Pretraining LR": 0.001, "Pretraining Off-Label AUROC": 1.0, "Pretraining Off-Label AUPRC": 1.0, "Pretraining Rev-Indication AUROC": 0.8125, "Pretraining Rev-Indication AUPRC": 0.8041666666666667, "Pretraining Rev-Off-Label AUROC": 0.0, "Pretraining Rev-Off-Label AUPRC": 0.5, "Training Loss": 0.7514904737472534, "Training Micro AUROC": 0.4533518244241608, "Training Micro AUPRC": 0.46344696206694935, "Training Macro AUROC": 0.44696151011761015, "Training Macro AUPRC": 0.4636071824623609, "Training Contraindication AUROC": 0.4240069934047647, "Training Contraindication AUPRC": 0.4447362224097953, "Training Indication AUROC": 0.4554875836196836, "Training Indication AUPRC": 0.46598688036476954, "Training Off-Label AUROC": 0.47384191946501175, "Training Off-Label AUPRC": 0.47451734444545957, "Training Rev-Contraindication AUROC": 0.5034931666465002, "Training Rev-Contraindication AUPRC": 0.49403740134647744, "Training Rev-Indication AUROC": 0.3817745116042377, "Training Rev-Indication AUPRC": 0.41732399649665075, "Training Rev-Off-Label AUROC": 0.44316488596546305, "Training Rev-Off-Label AUPRC": 0.48504124971101265, "LR": 0.0005, "_wandb": {"runtime": 4077}}