{"Pretraining Loss": 0.5266743898391724, "_timestamp": 1706217988.8960974, "_runtime": 12573.379215478897, "_step": 7530, "Pretraining Micro AUROC": 0.7948713302612305, "Pretraining Micro AUPRC": 0.7670309799056052, "Pretraining Macro AUROC": 0.8180295070026892, "Pretraining Macro AUPRC": 0.8390122264205291, "Pretraining Contraindication AUROC": 0.92, "Pretraining Contraindication AUPRC": 0.9266666666666665, "Pretraining Indication AUROC": 1.0, "Pretraining Indication AUPRC": 1.0, "Pretraining Rev-Contraindication AUROC": 0.9375, "Pretraining Rev-Contraindication AUPRC": 0.95, "Pretraining Rev-Indication AUROC": 1.0, "Pretraining Rev-Indication AUPRC": 1.0, "Pretraining LR": 0.001, "Pretraining Rev-Off-Label AUROC": 1.0, "Pretraining Rev-Off-Label AUPRC": 1.0, "Pretraining Off-Label AUROC": 1.0, "Pretraining Off-Label AUPRC": 1.0, "Training Loss": 0.37009841203689575, "Training Micro AUROC": 0.9138410018401129, "Training Micro AUPRC": 0.8967393061182208, "Training Macro AUROC": 0.925668867709601, "Training Macro AUPRC": 0.9075896319716232, "Training Contraindication AUROC": 0.9267791124393133, "Training Contraindication AUPRC": 0.9065829237283748, "Training Indication AUROC": 0.9545101257883913, "Training Indication AUPRC": 0.9439616922323162, "Training Off-Label AUROC": 0.9281152575043974, "Training Off-Label AUPRC": 0.9097153878752207, "Training Rev-Contraindication AUROC": 0.8577228771425118, "Training Rev-Contraindication AUPRC": 0.8337946737750483, "Training Rev-Indication AUROC": 0.9552924378706644, "Training Rev-Indication AUPRC": 0.9443039376175675, "Training Rev-Off-Label AUROC": 0.9315933955123279, "Training Rev-Off-Label AUPRC": 0.9071791766012124, "LR": 0.0005, "Validation Micro AUROC": 0.7392628577186937, "Validation Micro AUPRC": 0.7331750892956216, "Validation Macro AUROC": 0.7659273882876653, "Validation Macro AUPRC": 0.750401264456611, "Validation Contraindication AUROC": 0.7270662829073823, "Validation Contraindication AUPRC": 0.7143285584457504, "Validation Indication AUROC": 0.812631049929486, "Validation Indication AUPRC": 0.8068367703798337, "Validation Off-Label AUROC": 0.7797510042533081, "Validation Off-Label AUPRC": 0.7436202044156377, "Validation Rev-Contraindication AUROC": 0.7048428798537972, "Validation Rev-Contraindication AUPRC": 0.6999741401367487, "Validation Rev-Indication AUROC": 0.8099457262035676, "Validation Rev-Indication AUPRC": 0.795203081366522, "Validation Rev-Off-Label AUROC": 0.76132738657845, "Validation Rev-Off-Label AUPRC": 0.7424448319951736, "Validation Loss": 0.6729524731636047, "Validation Relation Performance": {"_type": "table-file", "sha256": "589cb08490998d3e088b56db1eb56e8e5cdf305be15a786e386bab358b04f63e", "size": 438, "artifact_path": "wandb-client-artifact://6akfx1sbl4uf8436ckt58r39yk5k72svzqlrzpqhlv5j6wanay26gmfev9jlt1kaiyg3203i6kz8qnrvxxq1etbdmizvx0vtdwwerigga3nk9jg4k3fpt8dp4b0e0uql:latest/Validation Relation Performance.table.json", "_latest_artifact_path": "wandb-client-artifact://6akfx1sbl4uf8436ckt58r39yk5k72svzqlrzpqhlv5j6wanay26gmfev9jlt1kaiyg3203i6kz8qnrvxxq1etbdmizvx0vtdwwerigga3nk9jg4k3fpt8dp4b0e0uql:latest/Validation Relation Performance.table.json", "path": "media/table/Validation Relation Performance_7506_589cb08490998d3e088b.table.json", "ncols": 4, "nrows": 6}, "Testing Micro AUROC": 0.7595214813448913, "Testing Micro AUPRC": 0.7395381169462453, "Testing Macro AUROC": 0.7847617811998822, "Testing Macro AUPRC": 0.7678755211523076, "Testing Contraindication AUROC": 0.7413590145779803, "Testing Contraindication AUPRC": 0.7017952632193147, "Testing Indication AUROC": 0.8397741615645107, "Testing Indication AUPRC": 0.8250234108144598, "Testing Off-Label AUROC": 0.8032040641818823, "Testing Off-Label AUPRC": 0.7835946933026798, "Testing Rev-Contraindication AUROC": 0.710023692800323, "Testing Rev-Contraindication AUPRC": 0.7068038301363943, "Testing Rev-Indication AUROC": 0.8387708928503128, "Testing Rev-Indication AUPRC": 0.8159228672526511, "Testing Rev-Off-Label AUROC": 0.7754388612242845, "Testing Rev-Off-Label AUPRC": 0.7741130621883461, "Testing Loss": 0.6496956944465637, "Testing Relation Performance": {"_type": "table-file", "sha256": "a7a3d7438afe195612a8903ffe3685a0486f7528abcefe9b9dfbd10593cbb9ae", "size": 441, "artifact_path": "wandb-client-artifact://g265nak5rcqlyixc48c8m6ry54dyw6rroung5zzvrjjvdmlecf3qw5ku3ywdkabxd5pxyg287dx2ot5mua05c607lbebmx77td2i403lgir2s1ltbymq987rcccsggw1:latest/Testing Relation Performance.table.json", "_latest_artifact_path": "wandb-client-artifact://g265nak5rcqlyixc48c8m6ry54dyw6rroung5zzvrjjvdmlecf3qw5ku3ywdkabxd5pxyg287dx2ot5mua05c607lbebmx77td2i403lgir2s1ltbymq987rcccsggw1:latest/Testing Relation Performance.table.json", "path": "media/table/Testing Relation Performance_7529_a7a3d7438afe195612a8.table.json", "ncols": 4, "nrows": 6}, "disease_centric_evaluation_rev_contraindication": {"_type": "table-file", "sha256": "737ac0df8f4f261ca16b2714a8c861935bfb42f79458f9451a17e6bc93920441", "size": 2436, "artifact_path": "wandb-client-artifact://i35543hqexgrrmg5piah41g7xl7eth2mdomq1z9hcnxbv78ujwiwyeczjp1tsdlpnsg13oql64xkcjuwocxle1blekrribs7a6nixtcpnssk0pvwxozxahj1xbtktkgt:latest/disease_centric_evaluation_rev_contraindication.table.json", "_latest_artifact_path": "wandb-client-artifact://i35543hqexgrrmg5piah41g7xl7eth2mdomq1z9hcnxbv78ujwiwyeczjp1tsdlpnsg13oql64xkcjuwocxle1blekrribs7a6nixtcpnssk0pvwxozxahj1xbtktkgt:latest/disease_centric_evaluation_rev_contraindication.table.json", "path": "media/table/disease_centric_evaluation_rev_contraindication_7530_737ac0df8f4f261ca16b.table.json", "ncols": 4, "nrows": 42}, "disease_centric_evaluation_rev_indication": {"_type": "table-file", "sha256": "f00d57b9d44650ce31fafc60ab004fb9fbc9396d861bfefdb88a35c9de373152", "size": 2466, "artifact_path": "wandb-client-artifact://pmsrg94cjpohibjxnnjv5fq9bka8iie3ufzaccqg50ej5awldska8zn89fquayjka8dv35juy5q098gbu68va1on4sguwsds19j4c43za4txztbz26d1o7e99n7qfnw5:latest/disease_centric_evaluation_rev_indication.table.json", "_latest_artifact_path": "wandb-client-artifact://pmsrg94cjpohibjxnnjv5fq9bka8iie3ufzaccqg50ej5awldska8zn89fquayjka8dv35juy5q098gbu68va1on4sguwsds19j4c43za4txztbz26d1o7e99n7qfnw5:latest/disease_centric_evaluation_rev_indication.table.json", "path": "media/table/disease_centric_evaluation_rev_indication_7530_f00d57b9d44650ce31fa.table.json", "ncols": 4, "nrows": 42}, "disease_centric_evaluation_rev_off-label use": {"_type": "table-file", "sha256": "35e5384abaa0fc775d98cbed5c45c8bd2c8ae11b8ed7d8113e53884c7a481c8e", "size": 2483, "artifact_path": "wandb-client-artifact://j9ai8bre278v95tvawi0s76ky8pm5wxbh93zhn3lhh7s7kzj6jq4cjnipzaxf99uloov5iwmcic52nf5bnquewtlz48s1zng438fpburhkt9db29uxm3e963ihvzffek:latest/disease_centric_evaluation_rev_off-label use.table.json", "_latest_artifact_path": "wandb-client-artifact://j9ai8bre278v95tvawi0s76ky8pm5wxbh93zhn3lhh7s7kzj6jq4cjnipzaxf99uloov5iwmcic52nf5bnquewtlz48s1zng438fpburhkt9db29uxm3e963ihvzffek:latest/disease_centric_evaluation_rev_off-label use.table.json", "path": "media/table/disease_centric_evaluation_rev_off-label use_7530_35e5384abaa0fc775d98.table.json", "ncols": 4, "nrows": 42}, "_wandb": {"runtime": 12576}}