{"Pretraining Loss": 0.5287525653839111, "_timestamp": 1706216465.8169248, "_runtime": 12391.733148813248, "_step": 7534, "Pretraining Micro AUROC": 0.789741039276123, "Pretraining Micro AUPRC": 0.7560765277524908, "Pretraining Macro AUROC": 0.888267250673436, "Pretraining Macro AUPRC": 0.8822961982865788, "Pretraining Contraindication AUROC": 0.8024691358024691, "Pretraining Contraindication AUPRC": 0.7167819834486502, "Pretraining Indication AUROC": 1.0, "Pretraining Indication AUPRC": 1.0, "Pretraining Off-Label AUROC": 1.0, "Pretraining Off-Label AUPRC": 1.0, "Pretraining Rev-Contraindication AUROC": 0.888888888888889, "Pretraining Rev-Contraindication AUPRC": 0.9166666666666665, "Pretraining Rev-Indication AUROC": 1.0, "Pretraining Rev-Indication AUPRC": 1.0, "Pretraining LR": 0.001, "Pretraining Rev-Off-Label AUROC": 1.0, "Pretraining Rev-Off-Label AUPRC": 1.0, "Training Loss": 0.3711968958377838, "Training Micro AUROC": 0.9125125105184563, "Training Micro AUPRC": 0.8951328300819716, "Training Macro AUROC": 0.9246249824738558, "Training Macro AUPRC": 0.9047668374320574, "Training Contraindication AUROC": 0.9264629591454343, "Training Contraindication AUPRC": 0.9057154639429537, "Training Indication AUROC": 0.954311452677823, "Training Indication AUPRC": 0.9406823918945386, "Training Off-Label AUROC": 0.9215509687735571, "Training Off-Label AUPRC": 0.8932341173258216, "Training Rev-Contraindication AUROC": 0.8503313142604932, "Training Rev-Contraindication AUPRC": 0.8291582772652318, "Training Rev-Indication AUROC": 0.9574815001728526, "Training Rev-Indication AUPRC": 0.9450188934539997, "Training Rev-Off-Label AUROC": 0.9376116998129749, "Training Rev-Off-Label AUPRC": 0.9147918807097993, "LR": 0.0005, "Validation Micro AUROC": 0.7910364605993212, "Validation Micro AUPRC": 0.7848582669040336, "Validation Macro AUROC": 0.8162315203742277, "Validation Macro AUPRC": 0.8027849085194257, "Validation Contraindication AUROC": 0.7840424556213017, "Validation Contraindication AUPRC": 0.7890167620358005, "Validation Indication AUROC": 0.8654187128177393, "Validation Indication AUPRC": 0.847846437045738, "Validation Off-Label AUROC": 0.8360428074232789, "Validation Off-Label AUPRC": 0.8245165330300955, "Validation Rev-Contraindication AUROC": 0.7445818786982248, "Validation Rev-Contraindication AUPRC": 0.7326335010138091, "Validation Rev-Indication AUROC": 0.831611898323418, "Validation Rev-Indication AUPRC": 0.8090345886189083, "Validation Rev-Off-Label AUROC": 0.835691369361403, "Validation Rev-Off-Label AUPRC": 0.8136616293722037, "Validation Loss": 0.6180530190467834, "Validation Relation Performance": {"_type": "table-file", "sha256": "23f64795d88e86a0a46a220eff9a2fddb5e4bddfb3220cc0f9cdcaed1dc06e23", "size": 439, "artifact_path": "wandb-client-artifact://mc5wn202t97j0dwe39lrehhkd1i8fw6v3xhaojo0lpe1rfe8ne8dfqsavci91hy92yojsn4x4bwlmxo9eh7kmb5cq8n3j9gpryrkk5avxnzph4q05na52gofg3udqdxm:latest/Validation Relation Performance.table.json", "_latest_artifact_path": "wandb-client-artifact://mc5wn202t97j0dwe39lrehhkd1i8fw6v3xhaojo0lpe1rfe8ne8dfqsavci91hy92yojsn4x4bwlmxo9eh7kmb5cq8n3j9gpryrkk5avxnzph4q05na52gofg3udqdxm:latest/Validation Relation Performance.table.json", "path": "media/table/Validation Relation Performance_7510_23f64795d88e86a0a46a.table.json", "ncols": 4, "nrows": 6}, "Testing Micro AUROC": 0.7584722624877775, "Testing Micro AUPRC": 0.7555798670076236, "Testing Macro AUROC": 0.7877662075277266, "Testing Macro AUPRC": 0.7848222816554059, "Testing Contraindication AUROC": 0.7482550453885976, "Testing Contraindication AUPRC": 0.7443446342932307, "Testing Indication AUROC": 0.8457170495160207, "Testing Indication AUPRC": 0.8386565766219456, "Testing Off-Label AUROC": 0.8062729568411386, "Testing Off-Label AUPRC": 0.8102006016960206, "Testing Rev-Contraindication AUROC": 0.7129403773194234, "Testing Rev-Contraindication AUPRC": 0.6958860677991182, "Testing Rev-Indication AUROC": 0.8581604386907118, "Testing Rev-Indication AUPRC": 0.846749412059516, "Testing Rev-Off-Label AUROC": 0.7552513774104683, "Testing Rev-Off-Label AUPRC": 0.7730963974626044, "Testing Loss": 0.670255720615387, "Testing Relation Performance": {"_type": "table-file", "sha256": "34318698ff7ab1bc73ac7f90d878bcc8e0e6ee3793432e12b4989bdd22387443", "size": 441, "artifact_path": "wandb-client-artifact://no2p3hsvty4m112nsz120xn38gzntpprxfz8tmi9l2amk5wppaujxx1xlzfvg61fogi1qio7ivnmn1ok8box3glvjjay5ou92kog44d8zmvtid729k6u5g2d8ybnwjhw:latest/Testing Relation Performance.table.json", "_latest_artifact_path": "wandb-client-artifact://no2p3hsvty4m112nsz120xn38gzntpprxfz8tmi9l2amk5wppaujxx1xlzfvg61fogi1qio7ivnmn1ok8box3glvjjay5ou92kog44d8zmvtid729k6u5g2d8ybnwjhw:latest/Testing Relation Performance.table.json", "path": "media/table/Testing Relation Performance_7533_34318698ff7ab1bc73ac.table.json", "ncols": 4, "nrows": 6}, "disease_centric_evaluation_rev_contraindication": {"_type": "table-file", "sha256": "28c501a00c6ce025de27e75ed734efdd357949169a5f60953aa0573c2e125328", "size": 2442, "artifact_path": "wandb-client-artifact://6lnsjj8hv05vd71jhbli2i3aaw73y8ksbe1eaet1z10g34cp7symywlqr0r374l07vx5xpbphzryinl71llv340hd26fy1irh1wwx7jyggf4dqc8h6iusdbfimc88aj9:latest/disease_centric_evaluation_rev_contraindication.table.json", "_latest_artifact_path": "wandb-client-artifact://6lnsjj8hv05vd71jhbli2i3aaw73y8ksbe1eaet1z10g34cp7symywlqr0r374l07vx5xpbphzryinl71llv340hd26fy1irh1wwx7jyggf4dqc8h6iusdbfimc88aj9:latest/disease_centric_evaluation_rev_contraindication.table.json", "path": "media/table/disease_centric_evaluation_rev_contraindication_7534_28c501a00c6ce025de27.table.json", "ncols": 4, "nrows": 42}, "disease_centric_evaluation_rev_indication": {"_type": "table-file", "sha256": "3b261638251e56894b9ffe02f8938eb46f8a07107e0c33334a42dde549ded735", "size": 2502, "artifact_path": "wandb-client-artifact://rrqptuzmoqblldx5qxkios5z0zopcxkghm8b6yyrm8cmf1k5klxt9a6eciythmm0bpu79fwaw4mz17xiiwyuxpud66euvcaf9gkbfm3bimkrek4tnkrmhgz6c1rs4abc:latest/disease_centric_evaluation_rev_indication.table.json", "_latest_artifact_path": "wandb-client-artifact://rrqptuzmoqblldx5qxkios5z0zopcxkghm8b6yyrm8cmf1k5klxt9a6eciythmm0bpu79fwaw4mz17xiiwyuxpud66euvcaf9gkbfm3bimkrek4tnkrmhgz6c1rs4abc:latest/disease_centric_evaluation_rev_indication.table.json", "path": "media/table/disease_centric_evaluation_rev_indication_7534_3b261638251e56894b9f.table.json", "ncols": 4, "nrows": 42}, "disease_centric_evaluation_rev_off-label use": {"_type": "table-file", "sha256": "f239c2125fa0b889892cd8e6b213541ca8475cbf1dd2c918306aa0ee69b953ea", "size": 2458, "artifact_path": "wandb-client-artifact://jgzarj5rpwm6rjs7mjb6nrfiwy88ut4jwwhj0dy6u5tvcu1uc86cd3x4w0we6jfxj10p3n6z338zvrl3ruxoqjm0pcjw3r3nnyal5kiy9fezyhds3grpl7zuig7ks1mr:latest/disease_centric_evaluation_rev_off-label use.table.json", "_latest_artifact_path": "wandb-client-artifact://jgzarj5rpwm6rjs7mjb6nrfiwy88ut4jwwhj0dy6u5tvcu1uc86cd3x4w0we6jfxj10p3n6z338zvrl3ruxoqjm0pcjw3r3nnyal5kiy9fezyhds3grpl7zuig7ks1mr:latest/disease_centric_evaluation_rev_off-label use.table.json", "path": "media/table/disease_centric_evaluation_rev_off-label use_7534_f239c2125fa0b889892c.table.json", "ncols": 4, "nrows": 42}, "_wandb": {"runtime": 12402}}