{"Pretraining Loss": 0.4852215647697449, "_timestamp": 1706467210.1617427, "_runtime": 4375.036296606064, "_step": 7532, "Pretraining Micro AUROC": 0.8035712242126465, "Pretraining Micro AUPRC": 0.7756531341195847, "Pretraining Macro AUROC": 0.8243928553780241, "Pretraining Macro AUPRC": 0.8448340701006863, "Pretraining Contraindication AUROC": 1.0, "Pretraining Contraindication AUPRC": 1.0, "Pretraining Indication AUROC": 0.7777777777777778, "Pretraining Indication AUPRC": 0.8666666666666667, "Pretraining Rev-Contraindication AUROC": 1.0, "Pretraining Rev-Contraindication AUPRC": 1.0, "Pretraining Rev-Off-Label AUROC": 0.5555555555555556, "Pretraining Rev-Off-Label AUPRC": 0.7222222222222222, "Pretraining LR": 0.001, "Pretraining Rev-Indication AUROC": 1.0, "Pretraining Rev-Indication AUPRC": 1.0, "Pretraining Off-Label AUROC": 1.0, "Pretraining Off-Label AUPRC": 1.0, "Training Loss": 0.26950153708457947, "Training Micro AUROC": 0.9504269005589868, "Training Micro AUPRC": 0.9340240450460723, "Training Macro AUROC": 0.9573233214247835, "Training Macro AUPRC": 0.940575002399395, "Training Contraindication AUROC": 0.9558676813969905, "Training Contraindication AUPRC": 0.9354664237799615, "Training Indication AUROC": 0.9770071544563227, "Training Indication AUPRC": 0.9669350243040431, "Training Off-Label AUROC": 0.9563825041772522, "Training Off-Label AUPRC": 0.9345241767275428, "Training Rev-Contraindication AUROC": 0.910974844079484, "Training Rev-Contraindication AUPRC": 0.8892944476797272, "Training Rev-Indication AUROC": 0.9802239113188277, "Training Rev-Indication AUPRC": 0.9712170163658983, "Training Rev-Off-Label AUROC": 0.9634838331198242, "Training Rev-Off-Label AUPRC": 0.9460129255391977, "LR": 0.0005, "Validation Micro AUROC": 0.8120013307653382, "Validation Micro AUPRC": 0.8146303163219276, "Validation Macro AUROC": 0.8424867786565614, "Validation Macro AUPRC": 0.8361019956801886, "Validation Contraindication AUROC": 0.7968080410827441, "Validation Contraindication AUPRC": 0.8063286895935202, "Validation Indication AUROC": 0.8913365279600859, "Validation Indication AUPRC": 0.8861710415294504, "Validation Off-Label AUROC": 0.8372475890265598, "Validation Off-Label AUPRC": 0.8274139597399851, "Validation Rev-Contraindication AUROC": 0.7464340186047619, "Validation Rev-Contraindication AUPRC": 0.7470355041012993, "Validation Rev-Indication AUROC": 0.9094950445614306, "Validation Rev-Indication AUPRC": 0.9081147854390129, "Validation Rev-Off-Label AUROC": 0.8735994507037858, "Validation Rev-Off-Label AUPRC": 0.8415479936778634, "Validation Loss": 0.8903499841690063, "Validation Relation Performance": {"_type": "table-file", "sha256": "5f391b9c3eb43875f741833829008ab01bcf53030df8007e050175104fd8e5d4", "size": 442, "artifact_path": "wandb-client-artifact://6ogzlmiun97srbu1ru5pkvj4xd45nuy7y017py9eqor37cc4m4f5c6ytsayellntjxqfyxsddf103mrjxywfggocyry7n471781iindn33nfp6qpig9auznjgxnyesrx:latest/Validation Relation Performance.table.json", "_latest_artifact_path": "wandb-client-artifact://6ogzlmiun97srbu1ru5pkvj4xd45nuy7y017py9eqor37cc4m4f5c6ytsayellntjxqfyxsddf103mrjxywfggocyry7n471781iindn33nfp6qpig9auznjgxnyesrx:latest/Validation Relation Performance.table.json", "path": "media/table/Validation Relation Performance_7509_5f391b9c3eb43875f741.table.json", "ncols": 4, "nrows": 6}, "Testing Micro AUROC": 0.8499297912277654, "Testing Micro AUPRC": 0.8282769045994716, "Testing Macro AUROC": 0.8641784161568986, "Testing Macro AUPRC": 0.8354380149667069, "Testing Contraindication AUROC": 0.8440228206913591, "Testing Contraindication AUPRC": 0.8000065851657054, "Testing Indication AUROC": 0.9010074263452642, "Testing Indication AUPRC": 0.8838576598852361, "Testing Off-Label AUROC": 0.8599054783950616, "Testing Off-Label AUPRC": 0.8036424370416066, "Testing Rev-Contraindication AUROC": 0.7995148356955144, "Testing Rev-Contraindication AUPRC": 0.7946045373486602, "Testing Rev-Indication AUROC": 0.9035944728512297, "Testing Rev-Indication AUPRC": 0.8825479735855425, "Testing Rev-Off-Label AUROC": 0.8770254629629629, "Testing Rev-Off-Label AUPRC": 0.8479688967734904, "Testing Loss": 0.6242902874946594, "Testing Relation Performance": {"_type": "table-file", "sha256": "da5b01326e32b03c1b1e3704f90237594203be9ba182c87c33325e1c898bd246", "size": 442, "artifact_path": "wandb-client-artifact://4bmbitn6u6qncef2561jb872mx1491z0vgg02fzoh8j4k1b7g1hmwfu5270zos02hrbd833tqyq1eo8qim9bq26ffgwgerq3n7fvhzbyoe14ao7zxdu8jnvwuu36uim2:latest/Testing Relation Performance.table.json", "_latest_artifact_path": "wandb-client-artifact://4bmbitn6u6qncef2561jb872mx1491z0vgg02fzoh8j4k1b7g1hmwfu5270zos02hrbd833tqyq1eo8qim9bq26ffgwgerq3n7fvhzbyoe14ao7zxdu8jnvwuu36uim2:latest/Testing Relation Performance.table.json", "path": "media/table/Testing Relation Performance_7532_da5b01326e32b03c1b1e.table.json", "ncols": 4, "nrows": 6}, "_wandb": {"runtime": 4374}}