{"Pretraining Loss": 0.5391880869865417, "_timestamp": 1706200968.7436266, "_runtime": 66055.44716954231, "_step": 7530, "Pretraining Micro AUROC": 0.7929096221923828, "Pretraining Micro AUPRC": 0.7692296977785942, "Pretraining Macro AUROC": 0.8002990886974155, "Pretraining Macro AUPRC": 0.8283048397259981, "Pretraining Contraindication AUROC": 0.8148148148148149, "Pretraining Contraindication AUPRC": 0.8120250120250121, "Pretraining Indication AUROC": 1.0, "Pretraining Indication AUPRC": 1.0, "Pretraining Rev-Contraindication AUROC": 0.6666666666666667, "Pretraining Rev-Contraindication AUPRC": 0.7555555555555555, "Pretraining Rev-Indication AUROC": 1.0, "Pretraining Rev-Indication AUPRC": 1.0, "Pretraining LR": 0.001, "Pretraining Off-Label AUROC": 1.0, "Pretraining Off-Label AUPRC": 1.0, "Pretraining Rev-Off-Label AUROC": 0.5, "Pretraining Rev-Off-Label AUPRC": 0.5833333333333333, "Training Loss": 0.37018054723739624, "Training Micro AUROC": 0.9122637439417508, "Training Micro AUPRC": 0.8949512853357806, "Training Macro AUROC": 0.9224930970677933, "Training Macro AUPRC": 0.9044939644413456, "Training Contraindication AUROC": 0.9259224017766928, "Training Contraindication AUPRC": 0.9030420134471928, "Training Indication AUROC": 0.9540871648187637, "Training Indication AUPRC": 0.944324553571832, "Training Off-Label AUROC": 0.9197406438264203, "Training Off-Label AUPRC": 0.8964506632997606, "Training Rev-Contraindication AUROC": 0.8513171257604852, "Training Rev-Contraindication AUPRC": 0.8292217685211298, "Training Rev-Indication AUROC": 0.9562321693353562, "Training Rev-Indication AUPRC": 0.9445239805603962, "Training Rev-Off-Label AUROC": 0.9276590768890411, "Training Rev-Off-Label AUPRC": 0.9094008072477617, "LR": 0.0004, "Validation Micro AUROC": 0.7823025081143585, "Validation Micro AUPRC": 0.782080543037212, "Validation Macro AUROC": 0.8071606460435866, "Validation Macro AUPRC": 0.7994918291672205, "Validation Contraindication AUROC": 0.7901982589999879, "Validation Contraindication AUPRC": 0.7944324453102185, "Validation Indication AUROC": 0.857080370457487, "Validation Indication AUPRC": 0.8445768418075416, "Validation Off-Label AUROC": 0.8203695672023374, "Validation Off-Label AUPRC": 0.8054371202329165, "Validation Rev-Contraindication AUROC": 0.7427334579407542, "Validation Rev-Contraindication AUPRC": 0.7306165083615627, "Validation Rev-Indication AUROC": 0.8369341665112087, "Validation Rev-Indication AUPRC": 0.8451083208925265, "Validation Rev-Off-Label AUROC": 0.7956480551497443, "Validation Rev-Off-Label AUPRC": 0.7767797383985573, "Validation Loss": 0.6023973226547241, "Validation Relation Performance": {"_type": "table-file", "sha256": "066dc544b813bdaddf512a596ff6c8602d474a168902553226f09479127ca153", "size": 441, "artifact_path": "wandb-client-artifact://b1rnfv5zpofttw3g1y4yt9d1thk5xt1m8b1z0rgqvb1q1h1k1ivcoqqoge7q90n21r0xa2ufctm4k8ppiqmtixl3apn23u1kyd53934cr927nsj85mtjr7mdwbru39qq:latest/Validation Relation Performance.table.json", "_latest_artifact_path": "wandb-client-artifact://b1rnfv5zpofttw3g1y4yt9d1thk5xt1m8b1z0rgqvb1q1h1k1ivcoqqoge7q90n21r0xa2ufctm4k8ppiqmtixl3apn23u1kyd53934cr927nsj85mtjr7mdwbru39qq:latest/Validation Relation Performance.table.json", "path": "media/table/Validation Relation Performance_7508_066dc544b813bdaddf51.table.json", "ncols": 4, "nrows": 6}}