{"Pretraining Loss": 0.5354933738708496, "_timestamp": 1705702947.4324203, "_runtime": 15725.210581302643, "_step": 7533, "Pretraining Micro AUROC": 0.788447380065918, "Pretraining Micro AUPRC": 0.7608195717644441, "Pretraining Macro AUROC": 0.8445307152657526, "Pretraining Macro AUPRC": 0.8631293918975672, "Pretraining Contraindication AUROC": 1.0, "Pretraining Contraindication AUPRC": 1.0, "Pretraining Indication AUROC": 1.0, "Pretraining Indication AUPRC": 1.0, "Pretraining Off-Label AUROC": 0.5, "Pretraining Off-Label AUPRC": 0.75, "Pretraining Rev-Contraindication AUROC": 0.888888888888889, "Pretraining Rev-Contraindication AUPRC": 0.9166666666666665, "Pretraining Rev-Indication AUROC": 1.0, "Pretraining Rev-Indication AUPRC": 1.0, "Pretraining Rev-Off-Label AUROC": 1.0, "Pretraining Rev-Off-Label AUPRC": 1.0, "Pretraining LR": 0.001, "Training Loss": 0.36710503697395325, "Training Micro AUROC": 0.9134956934523365, "Training Micro AUPRC": 0.8952568486556547, "Training Macro AUROC": 0.9244632596546071, "Training Macro AUPRC": 0.9055373703065568, "Training Contraindication AUROC": 0.9254762720092017, "Training Contraindication AUPRC": 0.9011188029153856, "Training Indication AUROC": 0.9557940774399984, "Training Indication AUPRC": 0.9447639697059778, "Training Off-Label AUROC": 0.9213775748789463, "Training Off-Label AUPRC": 0.9004833921738418, "Training Rev-Contraindication AUROC": 0.8536348701710115, "Training Rev-Contraindication AUPRC": 0.8322857726362943, "Training Rev-Indication AUROC": 0.9592909314875692, "Training Rev-Indication AUPRC": 0.9460054974538203, "Training Rev-Off-Label AUROC": 0.931205831940916, "Training Rev-Off-Label AUPRC": 0.9085667869540219, "LR": 0.0005, "Validation Micro AUROC": 0.7820466640395835, "Validation Micro AUPRC": 0.7834064186479077, "Validation Macro AUROC": 0.8071299001028557, "Validation Macro AUPRC": 0.797875234399808, "Validation Contraindication AUROC": 0.7679429461715127, "Validation Contraindication AUPRC": 0.7764156224609597, "Validation Indication AUROC": 0.8560120646101375, "Validation Indication AUPRC": 0.8529533397904386, "Validation Off-Label AUROC": 0.7913610686308167, "Validation Off-Label AUPRC": 0.7734125076532321, "Validation Rev-Contraindication AUROC": 0.736311459382389, "Validation Rev-Contraindication AUPRC": 0.7341129223480296, "Validation Rev-Indication AUROC": 0.8686510035469435, "Validation Rev-Indication AUPRC": 0.8579439250080159, "Validation Rev-Off-Label AUROC": 0.8225008582753346, "Validation Rev-Off-Label AUPRC": 0.7924130891381725, "Validation Loss": 0.6321567296981812, "Validation Relation Performance": {"_type": "table-file", "sha256": "845c131f596c59dd18b2e0f9250a87b9388ac2e0c691be7e2935f2e7719de2c9", "size": 441, "artifact_path": "wandb-client-artifact://76w6i5elm0wdbstubv28uz4m5xnyy2fy9vp8e3g0j75jrb5q4hghdgkxd8l4yo14wl6x1642zezb9e5n2avtm9zieh7hw7mkzff69y09ueiciuqx19lt2eemcqvs9gtq:latest/Validation Relation Performance.table.json", "_latest_artifact_path": "wandb-client-artifact://76w6i5elm0wdbstubv28uz4m5xnyy2fy9vp8e3g0j75jrb5q4hghdgkxd8l4yo14wl6x1642zezb9e5n2avtm9zieh7hw7mkzff69y09ueiciuqx19lt2eemcqvs9gtq:latest/Validation Relation Performance.table.json", "path": "media/table/Validation Relation Performance_7509_845c131f596c59dd18b2.table.json", "ncols": 4, "nrows": 6}, "Testing Micro AUROC": 0.8157009078519357, "Testing Micro AUPRC": 0.7896054135543228, "Testing Macro AUROC": 0.8297309778100138, "Testing Macro AUPRC": 0.7958013194400141, "Testing Contraindication AUROC": 0.8219289773365378, "Testing Contraindication AUPRC": 0.779808252755094, "Testing Indication AUROC": 0.8677714877039202, "Testing Indication AUPRC": 0.8421090769809108, "Testing Off-Label AUROC": 0.8317901234567902, "Testing Off-Label AUPRC": 0.8059549322713779, "Testing Rev-Contraindication AUROC": 0.76192852811033, "Testing Rev-Contraindication AUPRC": 0.7453579454140773, "Testing Rev-Indication AUROC": 0.8688189879068258, "Testing Rev-Indication AUPRC": 0.8483051805315335, "Testing Rev-Off-Label AUROC": 0.826147762345679, "Testing Rev-Off-Label AUPRC": 0.7532725286870917, "Testing Loss": 0.5391513109207153, "Testing Relation Performance": {"_type": "table-file", "sha256": "ea7bb44b392d026b59cb730ba949d121ad94e935c7cfcf680371183e364433ad", "size": 438, "artifact_path": "wandb-client-artifact://9h090avr5bucetc1ysjy4ougmslof7iz87x8izbupmugfnjxhptznm849yrequrd2lpykmozrelivuub32n042i73aphv3h62eyz16u98of6llixz0heqmt66ddzjs1r:latest/Testing Relation Performance.table.json", "_latest_artifact_path": "wandb-client-artifact://9h090avr5bucetc1ysjy4ougmslof7iz87x8izbupmugfnjxhptznm849yrequrd2lpykmozrelivuub32n042i73aphv3h62eyz16u98of6llixz0heqmt66ddzjs1r:latest/Testing Relation Performance.table.json", "path": "media/table/Testing Relation Performance_7532_ea7bb44b392d026b59cb.table.json", "ncols": 4, "nrows": 6}, "disease_centric_evaluation_rev_contraindication": {"_type": "table-file", "sha256": "ca795192cab30ad29f0c9f4b0d85e73e4f4ee173abf23a4be3e89c9196a06dea", "size": 2500, "artifact_path": "wandb-client-artifact://kryjpv4ucw8iuzogrh97kyjctlh4h1fzx78w6odx4e0e0c2k3af8aufdo5bicnmf8anrmzhhj0riqsvmkxs18vr9d5t5glq72dsz0mm73xx9zffw5v73o6y4jwcb9yr4:latest/disease_centric_evaluation_rev_contraindication.table.json", "_latest_artifact_path": "wandb-client-artifact://kryjpv4ucw8iuzogrh97kyjctlh4h1fzx78w6odx4e0e0c2k3af8aufdo5bicnmf8anrmzhhj0riqsvmkxs18vr9d5t5glq72dsz0mm73xx9zffw5v73o6y4jwcb9yr4:latest/disease_centric_evaluation_rev_contraindication.table.json", "path": "media/table/disease_centric_evaluation_rev_contraindication_7533_ca795192cab30ad29f0c.table.json", "ncols": 4, "nrows": 42}, "disease_centric_evaluation_rev_indication": {"_type": "table-file", "sha256": "34c498d9b12a4abb61a16c6da76e41e9826daf41cde7aca3ad6eb01c066592f4", "size": 2474, "artifact_path": "wandb-client-artifact://n4fbjimlwk5m5les96dddrxnxugtdamzx21umxgyd6wh6638f5myowjlod5r3i9uvqgl55v5m2warybn33sih2eel4uoa3vdr6yyvagxexmhmcv0xvfgcpstcbx01gqg:latest/disease_centric_evaluation_rev_indication.table.json", "_latest_artifact_path": "wandb-client-artifact://n4fbjimlwk5m5les96dddrxnxugtdamzx21umxgyd6wh6638f5myowjlod5r3i9uvqgl55v5m2warybn33sih2eel4uoa3vdr6yyvagxexmhmcv0xvfgcpstcbx01gqg:latest/disease_centric_evaluation_rev_indication.table.json", "path": "media/table/disease_centric_evaluation_rev_indication_7533_34c498d9b12a4abb61a1.table.json", "ncols": 4, "nrows": 42}, "disease_centric_evaluation_rev_off-label use": {"_type": "table-file", "sha256": "006b6be70152cb635873a8ee22b8085523b463f50973f27da3d4f69852479a72", "size": 2504, "artifact_path": "wandb-client-artifact://3hivsvulpb4l1l0iyuw4go88a80tozkmrw1bnor9pws6s6bdcg2p2x5ktirj8bon9dw1lunl0cqz0om0awa7yg7m1we20ubaeymcdydheg26musaxn96r9nof3wfvvu9:latest/disease_centric_evaluation_rev_off-label use.table.json", "_latest_artifact_path": "wandb-client-artifact://3hivsvulpb4l1l0iyuw4go88a80tozkmrw1bnor9pws6s6bdcg2p2x5ktirj8bon9dw1lunl0cqz0om0awa7yg7m1we20ubaeymcdydheg26musaxn96r9nof3wfvvu9:latest/disease_centric_evaluation_rev_off-label use.table.json", "path": "media/table/disease_centric_evaluation_rev_off-label use_7533_006b6be70152cb635873.table.json", "ncols": 4, "nrows": 42}, "_wandb": {"runtime": 15727}}