{"Pretraining Loss": 0.5225743055343628, "_timestamp": 1706500793.9858646, "_runtime": 5107.721617698669, "_step": 7563, "Pretraining Micro AUROC": 0.8066201210021973, "Pretraining Micro AUPRC": 0.7847068458146069, "Pretraining Macro AUROC": 0.8588335476259069, "Pretraining Macro AUPRC": 0.8682141854033734, "Pretraining Contraindication AUROC": 1.0, "Pretraining Contraindication AUPRC": 1.0, "Pretraining Indication AUROC": 1.0, "Pretraining Indication AUPRC": 1.0, "Pretraining Off-Label AUROC": 0.0, "Pretraining Off-Label AUPRC": 0.5, "Pretraining Rev-Contraindication AUROC": 0.6944444444444444, "Pretraining Rev-Contraindication AUPRC": 0.6496031746031746, "Pretraining LR": 0.001, "Pretraining Rev-Off-Label AUROC": 1.0, "Pretraining Rev-Off-Label AUPRC": 1.0, "Pretraining Rev-Indication AUROC": 1.0, "Pretraining Rev-Indication AUPRC": 1.0, "Training Loss": 0.2858507037162781, "Training Micro AUROC": 0.9466642469771855, "Training Micro AUPRC": 0.9372945601132673, "Training Macro AUROC": 0.9336480918228292, "Training Macro AUPRC": 0.9156097994470791, "Training Contraindication AUROC": 0.9722896952334457, "Training Contraindication AUPRC": 0.9658083582640207, "Training Indication AUROC": 0.9619146672554595, "Training Indication AUPRC": 0.950639287989345, "Training Off-Label AUROC": 0.9203272876020651, "Training Off-Label AUPRC": 0.8946338641496223, "Training Rev-Contraindication AUROC": 0.8529833703391422, "Training Rev-Contraindication AUPRC": 0.8267993707450888, "Training Rev-Indication AUROC": 0.9584778367081258, "Training Rev-Indication AUPRC": 0.9436766416350357, "Training Rev-Off-Label AUROC": 0.9358956937987367, "Training Rev-Off-Label AUPRC": 0.9121012738993628, "LR": 0.0004, "Validation Micro AUROC": 0.7161222694210463, "Validation Micro AUPRC": 0.7210067928433475, "Validation Macro AUROC": 0.7628708922520607, "Validation Macro AUPRC": 0.7584634363619126, "Validation Contraindication AUROC": 0.6780883099857973, "Validation Contraindication AUPRC": 0.7000061824483157, "Validation Indication AUROC": 0.6682144210256216, "Validation Indication AUPRC": 0.704667002375844, "Validation Off-Label AUROC": 0.8244904965512936, "Validation Off-Label AUPRC": 0.8028208889431637, "Validation Rev-Contraindication AUROC": 0.7460488983292779, "Validation Rev-Contraindication AUPRC": 0.7348956336224503, "Validation Rev-Indication AUROC": 0.8539477231105277, "Validation Rev-Indication AUPRC": 0.8445647808845933, "Validation Rev-Off-Label AUROC": 0.8064355045098468, "Validation Rev-Off-Label AUPRC": 0.7638261298971085, "Validation Loss": 0.9833802580833435, "Validation Relation Performance": {"_type": "table-file", "sha256": "a59bbf8ede325fc306c7ec6ef81a006deed5ac8840c49bab43a115a717303f4f", "size": 441, "artifact_path": "wandb-client-artifact://8jlygstj0rkwtfbw83jdkjgeaqmh6omy43cph5ltqx9tltex22sqcw0hhaypjfulppqklf5cgvw8dus50hswwoq66s8kodp4w3ahl6tumlkr9tp8jkly0e2zvf1xbamj:latest/Validation Relation Performance.table.json", "_latest_artifact_path": "wandb-client-artifact://8jlygstj0rkwtfbw83jdkjgeaqmh6omy43cph5ltqx9tltex22sqcw0hhaypjfulppqklf5cgvw8dus50hswwoq66s8kodp4w3ahl6tumlkr9tp8jkly0e2zvf1xbamj:latest/Validation Relation Performance.table.json", "path": "media/table/Validation Relation Performance_7540_a59bbf8ede325fc306c7.table.json", "ncols": 4, "nrows": 6}, "Testing Micro AUROC": 0.7246770544655595, "Testing Micro AUPRC": 0.711535865465422, "Testing Macro AUROC": 0.7830346605492613, "Testing Macro AUPRC": 0.7606012648886722, "Testing Contraindication AUROC": 0.6373881988275196, "Testing Contraindication AUPRC": 0.6415068949006757, "Testing Indication AUROC": 0.7319591551010471, "Testing Indication AUPRC": 0.7433432893935468, "Testing Off-Label AUROC": 0.8712625385802469, "Testing Off-Label AUPRC": 0.8341427719512979, "Testing Rev-Contraindication AUROC": 0.7466579816266481, "Testing Rev-Contraindication AUPRC": 0.7222309397300829, "Testing Rev-Indication AUROC": 0.8766663623082542, "Testing Rev-Indication AUPRC": 0.8463399818518123, "Testing Rev-Off-Label AUROC": 0.8342737268518519, "Testing Rev-Off-Label AUPRC": 0.7760437115046169, "Testing Loss": 0.8660678267478943, "Testing Relation Performance": {"_type": "table-file", "sha256": "c7de72c7ee4d010294fb44293c3e288542458e5c8baea548e8ea3c0db5e7262e", "size": 442, "artifact_path": "wandb-client-artifact://99otdc2hfurinsefkvmil3ypc7yuceg228gyadzyd7uzvruvc7p3ebywmhln9g2mic22089ho8k69r5n68lcdx08e87v6wl0pa2iqpk9for5go8taqoxgbw7xi8l89xr:latest/Testing Relation Performance.table.json", "_latest_artifact_path": "wandb-client-artifact://99otdc2hfurinsefkvmil3ypc7yuceg228gyadzyd7uzvruvc7p3ebywmhln9g2mic22089ho8k69r5n68lcdx08e87v6wl0pa2iqpk9for5go8taqoxgbw7xi8l89xr:latest/Testing Relation Performance.table.json", "path": "media/table/Testing Relation Performance_7563_c7de72c7ee4d010294fb.table.json", "ncols": 4, "nrows": 6}, "_wandb": {"runtime": 5107}}