{"Pretraining Loss": 0.5244695544242859, "_timestamp": 1706458346.3747826, "_runtime": 5188.686735630035, "_step": 7686, "Pretraining Micro AUROC": 0.7977075576782227, "Pretraining Micro AUPRC": 0.7618560121456619, "Pretraining Macro AUROC": 0.813885993195596, "Pretraining Macro AUPRC": 0.8315364389704972, "Pretraining Contraindication AUROC": 0.8827160493827161, "Pretraining Contraindication AUPRC": 0.8824119985447216, "Pretraining Indication AUROC": 0.85, "Pretraining Indication AUPRC": 0.8445959595959596, "Pretraining Rev-Contraindication AUROC": 0.875, "Pretraining Rev-Contraindication AUPRC": 0.9166666666666666, "Pretraining Rev-Indication AUROC": 1.0, "Pretraining Rev-Indication AUPRC": 1.0, "Pretraining LR": 0.001, "Pretraining Rev-Off-Label AUROC": 1.0, "Pretraining Rev-Off-Label AUPRC": 1.0, "Pretraining Off-Label AUROC": 1.0, "Pretraining Off-Label AUPRC": 1.0, "Training Loss": 0.35654735565185547, "Training Micro AUROC": 0.9134457366237091, "Training Micro AUPRC": 0.8938957355943254, "Training Macro AUROC": 0.9089605468584541, "Training Macro AUPRC": 0.8860351240927451, "Training Contraindication AUROC": 0.9067380439653892, "Training Contraindication AUPRC": 0.8902514381364044, "Training Indication AUROC": 0.9296929494251672, "Training Indication AUPRC": 0.9042261830258354, "Training Off-Label AUROC": 0.9045336190327143, "Training Off-Label AUPRC": 0.8787515079866186, "Training Rev-Contraindication AUROC": 0.8407556178433198, "Training Rev-Contraindication AUPRC": 0.8160465250409055, "Training Rev-Indication AUROC": 0.954087753809569, "Training Rev-Indication AUPRC": 0.9405386442436936, "Training Rev-Off-Label AUROC": 0.9179552970745646, "Training Rev-Off-Label AUPRC": 0.8863964461230132, "LR": 0.0005, "Validation Micro AUROC": 0.7174535174534921, "Validation Micro AUPRC": 0.7134614682216841, "Validation Macro AUROC": 0.7585716714749923, "Validation Macro AUPRC": 0.7503520666746067, "Validation Contraindication AUROC": 0.6791862377192259, "Validation Contraindication AUPRC": 0.689559975828217, "Validation Indication AUROC": 0.6775032630212845, "Validation Indication AUPRC": 0.7021692579465366, "Validation Off-Label AUROC": 0.8008333073249898, "Validation Off-Label AUPRC": 0.7782696825954404, "Validation Rev-Contraindication AUROC": 0.7267165257119899, "Validation Rev-Contraindication AUPRC": 0.7254761908349509, "Validation Rev-Indication AUROC": 0.8577980419093283, "Validation Rev-Indication AUPRC": 0.8416109223766026, "Validation Rev-Off-Label AUROC": 0.8093926531631347, "Validation Rev-Off-Label AUPRC": 0.7650263704658935, "Validation Loss": 0.8665366768836975, "Validation Relation Performance": {"_type": "table-file", "sha256": "30a76fc6b5e11f2e6af7b3f6721cdd378517827655255080ab8613cf697d515b", "size": 441, "artifact_path": "wandb-client-artifact://6g08fvgilqg7g1yyg4l11rf1t8qn72fthyyjvd6001dbhe403lturp1nh2o65p4wtk51kn5e4n37vitox5non1r53g6iykn8pcrsbwi402b4agz1lljzlghtm951bvdu:latest/Validation Relation Performance.table.json", "_latest_artifact_path": "wandb-client-artifact://6g08fvgilqg7g1yyg4l11rf1t8qn72fthyyjvd6001dbhe403lturp1nh2o65p4wtk51kn5e4n37vitox5non1r53g6iykn8pcrsbwi402b4agz1lljzlghtm951bvdu:latest/Validation Relation Performance.table.json", "path": "media/table/Validation Relation Performance_7663_30a76fc6b5e11f2e6af7.table.json", "ncols": 4, "nrows": 6}, "Testing Micro AUROC": 0.7235264492865024, "Testing Micro AUPRC": 0.7066799774086612, "Testing Macro AUROC": 0.7712454425333569, "Testing Macro AUPRC": 0.7497584671046372, "Testing Contraindication AUROC": 0.6454100312212214, "Testing Contraindication AUPRC": 0.639638646177862, "Testing Indication AUROC": 0.7426193084976869, "Testing Indication AUPRC": 0.7337289871117971, "Testing Off-Label AUROC": 0.8268711419753086, "Testing Off-Label AUPRC": 0.798490178039128, "Testing Rev-Contraindication AUROC": 0.7250034815031109, "Testing Rev-Contraindication AUPRC": 0.704606053441537, "Testing Rev-Indication AUROC": 0.8747793401509617, "Testing Rev-Indication AUPRC": 0.8677054534611492, "Testing Rev-Off-Label AUROC": 0.8127893518518519, "Testing Rev-Off-Label AUPRC": 0.7543814843963508, "Testing Loss": 0.7768521904945374, "Testing Relation Performance": {"_type": "table-file", "sha256": "bc62c9027d3ecb3f7bdb20edcb9311d331e7c857a98667d051e509c22986d717", "size": 439, "artifact_path": "wandb-client-artifact://cjnqjas45ive8k539zx0w2x2f5sppkfpbewy5vflyth3k2qr2tfkew0jxgdg7xcgvolpatja76agxiyon7e1dom1ue5ooc749ysua3jirvewbqtmebwzec081uz39qh7:latest/Testing Relation Performance.table.json", "_latest_artifact_path": "wandb-client-artifact://cjnqjas45ive8k539zx0w2x2f5sppkfpbewy5vflyth3k2qr2tfkew0jxgdg7xcgvolpatja76agxiyon7e1dom1ue5ooc749ysua3jirvewbqtmebwzec081uz39qh7:latest/Testing Relation Performance.table.json", "path": "media/table/Testing Relation Performance_7686_bc62c9027d3ecb3f7bdb.table.json", "ncols": 4, "nrows": 6}, "_wandb": {"runtime": 5188}}