{"Pretraining Loss": 0.5398300886154175, "_timestamp": 1706545847.8539412, "_runtime": 35209.63069319725, "_step": 7254, "Pretraining Micro AUROC": 0.7964568138122559, "Pretraining Micro AUPRC": 0.7672496411141052, "Pretraining Macro AUROC": 0.7835228705221747, "Pretraining Macro AUPRC": 0.8253942650922683, "Pretraining Contraindication AUROC": 1.0, "Pretraining Contraindication AUPRC": 1.0, "Pretraining Indication AUROC": 1.0, "Pretraining Indication AUPRC": 1.0, "Pretraining Rev-Contraindication AUROC": 0.875, "Pretraining Rev-Contraindication AUPRC": 0.8875, "Pretraining LR": 0.001, "Pretraining Rev-Indication AUROC": 1.0, "Pretraining Rev-Indication AUPRC": 1.0, "Pretraining Rev-Off-Label AUROC": 1.0, "Pretraining Rev-Off-Label AUPRC": 1.0, "Pretraining Off-Label AUROC": 0.0, "Pretraining Off-Label AUPRC": 0.5, "Training Loss": 0.42878344655036926, "Training Micro AUROC": 0.8819151603638263, "Training Micro AUPRC": 0.8632564635358502, "Training Macro AUROC": 0.8862153090005046, "Training Macro AUPRC": 0.8637082763627791, "Training Contraindication AUROC": 0.904290443929356, "Training Contraindication AUPRC": 0.8829463862391631, "Training Indication AUROC": 0.9269103497773342, "Training Indication AUPRC": 0.9139076080138879, "Training Off-Label AUROC": 0.8522700638554681, "Training Off-Label AUPRC": 0.8174831261453002, "Training Rev-Contraindication AUROC": 0.8130491699087752, "Training Rev-Contraindication AUPRC": 0.7882814175806389, "Training Rev-Indication AUROC": 0.9333807933611022, "Training Rev-Indication AUPRC": 0.9189175677997776, "Training Rev-Off-Label AUROC": 0.8873910331709911, "Training Rev-Off-Label AUPRC": 0.8607135523979074, "LR": 0.0005, "Validation Micro AUROC": 0.755477005884643, "Validation Micro AUPRC": 0.7483576490906944, "Validation Macro AUROC": 0.757678067061175, "Validation Macro AUPRC": 0.7536537489670415, "Validation Contraindication AUROC": 0.7781442151082043, "Validation Contraindication AUPRC": 0.769791298912299, "Validation Indication AUROC": 0.7976699903769375, "Validation Indication AUPRC": 0.7864332951324357, "Validation Off-Label AUROC": 0.7215382510858042, "Validation Off-Label AUPRC": 0.7594788223225415, "Validation Rev-Contraindication AUROC": 0.7169720599700764, "Validation Rev-Contraindication AUPRC": 0.7122699408437345, "Validation Rev-Indication AUROC": 0.7911955119674045, "Validation Rev-Indication AUPRC": 0.7712566319229183, "Validation Rev-Off-Label AUROC": 0.7405483738586232, "Validation Rev-Off-Label AUPRC": 0.7226925046683202, "Validation Loss": 0.6098698377609253, "Validation Relation Performance": {"_type": "table-file", "sha256": "9b88fe98db7cc82d21863e5892aeb16855e1aa3a4a3dfb677c107f63471f2285", "size": 441, "artifact_path": "wandb-client-artifact://7qsgc0tms9rroxj8voyqy2dgy0dnne1hozvl03xg2t16n4p6kbppw99x59ldghzsp5yiu6wmq80d53rtjgecfytp628ref6svj7x7uiflvv7bffw49xfx8stvedjovhs:latest/Validation Relation Performance.table.json", "_latest_artifact_path": "wandb-client-artifact://7qsgc0tms9rroxj8voyqy2dgy0dnne1hozvl03xg2t16n4p6kbppw99x59ldghzsp5yiu6wmq80d53rtjgecfytp628ref6svj7x7uiflvv7bffw49xfx8stvedjovhs:latest/Validation Relation Performance.table.json", "path": "media/table/Validation Relation Performance_7230_9b88fe98db7cc82d2186.table.json", "ncols": 4, "nrows": 6}}