{"Pretraining Loss": 0.5399737358093262, "_timestamp": 1706036264.9455569, "_runtime": 6778.021701812744, "_step": 7533, "Pretraining Micro AUROC": 0.7893314361572266, "Pretraining Micro AUPRC": 0.7613494627197599, "Pretraining Macro AUROC": 0.8121888517931849, "Pretraining Macro AUPRC": 0.8371955562877307, "Pretraining Contraindication AUROC": 1.0, "Pretraining Contraindication AUPRC": 1.0, "Pretraining Indication AUROC": 0.7777777777777778, "Pretraining Indication AUPRC": 0.8666666666666667, "Pretraining Rev-Contraindication AUROC": 0.11111111111111112, "Pretraining Rev-Contraindication AUPRC": 0.41111111111111115, "Pretraining LR": 0.001, "Pretraining Rev-Indication AUROC": 1.0, "Pretraining Rev-Indication AUPRC": 1.0, "Pretraining Rev-Off-Label AUROC": 0.0, "Pretraining Rev-Off-Label AUPRC": 0.5, "Pretraining Off-Label AUROC": 1.0, "Pretraining Off-Label AUPRC": 1.0, "Training Loss": 0.36564770340919495, "Training Micro AUROC": 0.9150931013262776, "Training Micro AUPRC": 0.8972979813692826, "Training Macro AUROC": 0.925825560672822, "Training Macro AUPRC": 0.9066122969681145, "Training Contraindication AUROC": 0.9272806240440329, "Training Contraindication AUPRC": 0.9032812041592507, "Training Indication AUROC": 0.9563499350485947, "Training Indication AUPRC": 0.9459920124316283, "Training Off-Label AUROC": 0.9208312286978875, "Training Off-Label AUPRC": 0.8970386462038898, "Training Rev-Contraindication AUROC": 0.8570037021724821, "Training Rev-Contraindication AUPRC": 0.8362248565245345, "Training Rev-Indication AUROC": 0.9577524293265898, "Training Rev-Indication AUPRC": 0.9445123195837617, "Training Rev-Off-Label AUROC": 0.9357354447473454, "Training Rev-Off-Label AUPRC": 0.9126247429056227, "LR": 0.0005, "Validation Micro AUROC": 0.7870488773081065, "Validation Micro AUPRC": 0.7841908500528398, "Validation Macro AUROC": 0.8113290018707557, "Validation Macro AUPRC": 0.7980072076294533, "Validation Contraindication AUROC": 0.7756978659530347, "Validation Contraindication AUPRC": 0.779361657217257, "Validation Indication AUROC": 0.8544789772500951, "Validation Indication AUPRC": 0.8486342411054869, "Validation Off-Label AUROC": 0.7992806092194376, "Validation Off-Label AUPRC": 0.7784871563793827, "Validation Rev-Contraindication AUROC": 0.7408814658724222, "Validation Rev-Contraindication AUPRC": 0.7369401213765392, "Validation Rev-Indication AUROC": 0.8680729694003174, "Validation Rev-Indication AUPRC": 0.8537426168321652, "Validation Rev-Off-Label AUROC": 0.8295621235292282, "Validation Rev-Off-Label AUPRC": 0.7908774528658882, "Validation Loss": 0.6093037724494934, "Validation Relation Performance": {"_type": "table-file", "sha256": "cb633b3e4e7f303103f6c9319761924a59fe34b553d44f8c52d573656a69ae26", "size": 441, "artifact_path": "wandb-client-artifact://mc7i0ps2tdzflklt6y4t4d8iencot15qvx7afuoc5z913rl1z1mcqk3wr6vo45dmcc8j9w9h5xuwnwdo0bg4b5fnggo3o48g6jpkhndwffv9avii07im30wxnxr6a9te:latest/Validation Relation Performance.table.json", "_latest_artifact_path": "wandb-client-artifact://mc7i0ps2tdzflklt6y4t4d8iencot15qvx7afuoc5z913rl1z1mcqk3wr6vo45dmcc8j9w9h5xuwnwdo0bg4b5fnggo3o48g6jpkhndwffv9avii07im30wxnxr6a9te:latest/Validation Relation Performance.table.json", "path": "media/table/Validation Relation Performance_7509_cb633b3e4e7f303103f6.table.json", "ncols": 4, "nrows": 6}, "Testing Micro AUROC": 0.8168646175571386, "Testing Micro AUPRC": 0.7932693240544204, "Testing Macro AUROC": 0.8279133320190653, "Testing Macro AUPRC": 0.7957278694818727, "Testing Contraindication AUROC": 0.823884908245547, "Testing Contraindication AUPRC": 0.7834876007148379, "Testing Indication AUROC": 0.8657728674620565, "Testing Indication AUPRC": 0.8445536194059411, "Testing Off-Label AUROC": 0.8166956018518516, "Testing Off-Label AUPRC": 0.7831529142802436, "Testing Rev-Contraindication AUROC": 0.7624631072976799, "Testing Rev-Contraindication AUPRC": 0.7464477630466297, "Testing Rev-Indication AUROC": 0.867210960960961, "Testing Rev-Indication AUPRC": 0.851744977019242, "Testing Rev-Off-Label AUROC": 0.8314525462962962, "Testing Rev-Off-Label AUPRC": 0.7649803424243418, "Testing Loss": 0.5365224480628967, "Testing Relation Performance": {"_type": "table-file", "sha256": "4af5eda0ee758e72276c4b046b07e012dcc575d0545856cf9c10062bbf2d376b", "size": 439, "artifact_path": "wandb-client-artifact://ekkfjjbcd80ap36ihea9pked90tytsio0uvcf84d1a487omynk6etcvqwnvbwuxf3vpuslgmzcpu0sx62r6lr4dddfk576cv64sbr7alo18lncqh687neyietg2q0iv4:latest/Testing Relation Performance.table.json", "_latest_artifact_path": "wandb-client-artifact://ekkfjjbcd80ap36ihea9pked90tytsio0uvcf84d1a487omynk6etcvqwnvbwuxf3vpuslgmzcpu0sx62r6lr4dddfk576cv64sbr7alo18lncqh687neyietg2q0iv4:latest/Testing Relation Performance.table.json", "path": "media/table/Testing Relation Performance_7532_4af5eda0ee758e72276c.table.json", "ncols": 4, "nrows": 6}, "disease_centric_evaluation_rev_contraindication": {"_type": "table-file", "sha256": "9bc1c67610ed3c86f4af7c6080902f54b2889d5955cbd9be76cd75b5bab43f2f", "size": 2495, "artifact_path": "wandb-client-artifact://ub73bfw2iat0cpkh5tdrxjji7l0hzde36c3t49jgdhlt4itmb6k40yrp4mswyowi5o8p03xyvq5dllhrslaqfjmb6p200a10ylnuwwy1jxhvajhieprvwd472bx5lsnl:latest/disease_centric_evaluation_rev_contraindication.table.json", "_latest_artifact_path": "wandb-client-artifact://ub73bfw2iat0cpkh5tdrxjji7l0hzde36c3t49jgdhlt4itmb6k40yrp4mswyowi5o8p03xyvq5dllhrslaqfjmb6p200a10ylnuwwy1jxhvajhieprvwd472bx5lsnl:latest/disease_centric_evaluation_rev_contraindication.table.json", "path": "media/table/disease_centric_evaluation_rev_contraindication_7533_9bc1c67610ed3c86f4af.table.json", "ncols": 4, "nrows": 42}, "disease_centric_evaluation_rev_indication": {"_type": "table-file", "sha256": "9f8a2f7ed4202e725bfc0b55d995047b60280f35faf69008fc4ef3c1d83a4f39", "size": 2477, "artifact_path": "wandb-client-artifact://oof4mftqhu9836xvsd6l0v6gi14y67rnhr6r4a2w6wtfjlnar05i9rm9dbmo3fp05huvrq1t57ljnrnc6frwzmyrgzajnwhznpj6pq303lxp8nc4fot6li1tv39a0fox:latest/disease_centric_evaluation_rev_indication.table.json", "_latest_artifact_path": "wandb-client-artifact://oof4mftqhu9836xvsd6l0v6gi14y67rnhr6r4a2w6wtfjlnar05i9rm9dbmo3fp05huvrq1t57ljnrnc6frwzmyrgzajnwhznpj6pq303lxp8nc4fot6li1tv39a0fox:latest/disease_centric_evaluation_rev_indication.table.json", "path": "media/table/disease_centric_evaluation_rev_indication_7533_9f8a2f7ed4202e725bfc.table.json", "ncols": 4, "nrows": 42}, "disease_centric_evaluation_rev_off-label use": {"_type": "table-file", "sha256": "2b125387e356445639cec8f78df66bbcf7dd3bf7ea702e38887ee8bc8e928a07", "size": 2486, "artifact_path": "wandb-client-artifact://c2nah78aauum766dxntcgo2pe2poohqdxowt8uky1155yjxv5oy3zvr9le5ai421qnz3xv8ordgjygt1pmeuzx5sexvb06ws5tv7srb85fe830pualssf8oi5j7rzys7:latest/disease_centric_evaluation_rev_off-label use.table.json", "_latest_artifact_path": "wandb-client-artifact://c2nah78aauum766dxntcgo2pe2poohqdxowt8uky1155yjxv5oy3zvr9le5ai421qnz3xv8ordgjygt1pmeuzx5sexvb06ws5tv7srb85fe830pualssf8oi5j7rzys7:latest/disease_centric_evaluation_rev_off-label use.table.json", "path": "media/table/disease_centric_evaluation_rev_off-label use_7533_2b125387e356445639ce.table.json", "ncols": 4, "nrows": 42}, "_wandb": {"runtime": 6777}}