{"Pretraining Loss": 0.5127637982368469, "_timestamp": 1706505164.158717, "_runtime": 4334.592409849167, "_step": 7532, "Pretraining Micro AUROC": 0.7931485176086426, "Pretraining Micro AUPRC": 0.7603754125891138, "Pretraining Macro AUROC": 0.8600875595953228, "Pretraining Macro AUPRC": 0.8802404956066268, "Pretraining Contraindication AUROC": 0.9259259259259259, "Pretraining Contraindication AUPRC": 0.9278138528138529, "Pretraining Indication AUROC": 1.0, "Pretraining Indication AUPRC": 1.0, "Pretraining Rev-Contraindication AUROC": 1.0, "Pretraining Rev-Contraindication AUPRC": 1.0, "Pretraining LR": 0.001, "Pretraining Rev-Indication AUROC": 1.0, "Pretraining Rev-Indication AUPRC": 1.0, "Pretraining Rev-Off-Label AUROC": 0.0, "Pretraining Rev-Off-Label AUPRC": 0.5, "Pretraining Off-Label AUROC": 1.0, "Pretraining Off-Label AUPRC": 1.0, "Training Loss": 0.33338481187820435, "Training Micro AUROC": 0.9280084440795422, "Training Micro AUPRC": 0.9112573286255811, "Training Macro AUROC": 0.9388581953579013, "Training Macro AUPRC": 0.9205895086248909, "Training Contraindication AUROC": 0.9358625353641803, "Training Contraindication AUPRC": 0.9138386502740378, "Training Indication AUROC": 0.9670714577479806, "Training Indication AUPRC": 0.9571571804210324, "Training Off-Label AUROC": 0.9384241848618063, "Training Off-Label AUPRC": 0.9173342887814582, "Training Rev-Contraindication AUROC": 0.8738260494757746, "Training Rev-Contraindication AUPRC": 0.8538992226013895, "Training Rev-Indication AUROC": 0.9707063280312023, "Training Rev-Indication AUPRC": 0.9593285422138582, "Training Rev-Off-Label AUROC": 0.9472586166664636, "Training Rev-Off-Label AUPRC": 0.9219791674575689, "LR": 0.0005, "Validation Micro AUROC": 0.7942255022043961, "Validation Micro AUPRC": 0.7960834619905405, "Validation Macro AUROC": 0.8227744509579281, "Validation Macro AUPRC": 0.8117251055317153, "Validation Contraindication AUROC": 0.7775709062126961, "Validation Contraindication AUPRC": 0.7866592292448513, "Validation Indication AUROC": 0.8621101395896883, "Validation Indication AUPRC": 0.8589887197692947, "Validation Off-Label AUROC": 0.8288052807340596, "Validation Off-Label AUPRC": 0.8076503713796226, "Validation Rev-Contraindication AUROC": 0.7440001858845947, "Validation Rev-Contraindication AUPRC": 0.745724266115764, "Validation Rev-Indication AUROC": 0.8769644129201748, "Validation Rev-Indication AUPRC": 0.8692827174356947, "Validation Rev-Off-Label AUROC": 0.8471957804063543, "Validation Rev-Off-Label AUPRC": 0.8020453292450643, "Validation Loss": 0.6384636163711548, "Validation Relation Performance": {"_type": "table-file", "sha256": "b2f16ccebf4f9e8e4dbd5f54c5c5be4071476de7d6fd7ebb9b25ddea0bba932a", "size": 441, "artifact_path": "wandb-client-artifact://owkakuf9gb76h1wosy0detzvfdzgnlyv3xk8suoqk4iz1jez6a98ylikv6puemde9bmdrnodjs5al6awitfb20z2w7w6oi8sjm31747l18gz9jnzi6k7c6gfl611gwho:latest/Validation Relation Performance.table.json", "_latest_artifact_path": "wandb-client-artifact://owkakuf9gb76h1wosy0detzvfdzgnlyv3xk8suoqk4iz1jez6a98ylikv6puemde9bmdrnodjs5al6awitfb20z2w7w6oi8sjm31747l18gz9jnzi6k7c6gfl611gwho:latest/Validation Relation Performance.table.json", "path": "media/table/Validation Relation Performance_7509_b2f16ccebf4f9e8e4dbd.table.json", "ncols": 4, "nrows": 6}, "Testing Micro AUROC": 0.8393643943634423, "Testing Micro AUPRC": 0.8154785035424914, "Testing Macro AUROC": 0.8508655372418037, "Testing Macro AUPRC": 0.8205405099857191, "Testing Contraindication AUROC": 0.8376429100873745, "Testing Contraindication AUPRC": 0.7961922890113878, "Testing Indication AUROC": 0.8903041555068583, "Testing Indication AUPRC": 0.8707292538263495, "Testing Off-Label AUROC": 0.8524305555555557, "Testing Off-Label AUPRC": 0.8226609374381623, "Testing Rev-Contraindication AUROC": 0.7885788728914445, "Testing Rev-Contraindication AUPRC": 0.7695878081376067, "Testing Rev-Indication AUROC": 0.8871819454589726, "Testing Rev-Indication AUPRC": 0.8708625768905651, "Testing Rev-Off-Label AUROC": 0.8490547839506173, "Testing Rev-Off-Label AUPRC": 0.7932101946102434, "Testing Loss": 0.5094049572944641, "Testing Relation Performance": {"_type": "table-file", "sha256": "424722b3f99073b954154cf3fcecf923db060ea4ff3c97fe1cf58cf3d84e7265", "size": 442, "artifact_path": "wandb-client-artifact://wigx73hf4q26kh6yzmr0urozj2re4q20o2yosp2teu9y6czss1xze0r01qd80ekuo74txfwcicpbnbyxsusp7o1r9snhyqopj20qd47lcadvc3djpmc3mew0geo6oo82:latest/Testing Relation Performance.table.json", "_latest_artifact_path": "wandb-client-artifact://wigx73hf4q26kh6yzmr0urozj2re4q20o2yosp2teu9y6czss1xze0r01qd80ekuo74txfwcicpbnbyxsusp7o1r9snhyqopj20qd47lcadvc3djpmc3mew0geo6oo82:latest/Testing Relation Performance.table.json", "path": "media/table/Testing Relation Performance_7532_424722b3f99073b95415.table.json", "ncols": 4, "nrows": 6}, "_wandb": {"runtime": 4334}}