{"Pretraining Loss": 0.5289307236671448, "_timestamp": 1706346541.2962873, "_runtime": 13645.72098326683, "_step": 7532, "Pretraining Micro AUROC": 0.8051118850708008, "Pretraining Micro AUPRC": 0.7752272774908978, "Pretraining Macro AUROC": 0.8480477945463092, "Pretraining Macro AUPRC": 0.8616872205936339, "Pretraining Contraindication AUROC": 0.9387755102040817, "Pretraining Contraindication AUPRC": 0.9379251700680272, "Pretraining Indication AUROC": 1.0, "Pretraining Indication AUPRC": 1.0, "Pretraining Rev-Contraindication AUROC": 1.0, "Pretraining Rev-Contraindication AUPRC": 0.9999999999999998, "Pretraining Rev-Indication AUROC": 1.0, "Pretraining Rev-Indication AUPRC": 1.0, "Pretraining LR": 0.001, "Pretraining Rev-Off-Label AUROC": 1.0, "Pretraining Rev-Off-Label AUPRC": 1.0, "Pretraining Off-Label AUROC": 0.5, "Pretraining Off-Label AUPRC": 0.75, "Training Loss": 0.36842015385627747, "Training Micro AUROC": 0.9133471460243388, "Training Micro AUPRC": 0.8945656058057142, "Training Macro AUROC": 0.9255813133447507, "Training Macro AUPRC": 0.9060108359733263, "Training Contraindication AUROC": 0.9255391708136229, "Training Contraindication AUPRC": 0.9010662085361303, "Training Indication AUROC": 0.9555591641892316, "Training Indication AUPRC": 0.9437113049460322, "Training Off-Label AUROC": 0.9235397656615334, "Training Off-Label AUPRC": 0.9013241403632805, "Training Rev-Contraindication AUROC": 0.852393911836349, "Training Rev-Contraindication AUPRC": 0.8303534813020904, "Training Rev-Indication AUROC": 0.9588796672695727, "Training Rev-Indication AUPRC": 0.9455286236023244, "Training Rev-Off-Label AUROC": 0.9375762002981946, "Training Rev-Off-Label AUPRC": 0.9140812570900998, "LR": 0.0005, "Validation Micro AUROC": 0.7822392820707644, "Validation Micro AUPRC": 0.7826501520018513, "Validation Macro AUROC": 0.8044623750111014, "Validation Macro AUPRC": 0.7952087292525835, "Validation Contraindication AUROC": 0.769036610926585, "Validation Contraindication AUPRC": 0.7762873200345826, "Validation Indication AUROC": 0.8531867374511475, "Validation Indication AUPRC": 0.8503955656272965, "Validation Off-Label AUROC": 0.7782684685247029, "Validation Off-Label AUPRC": 0.7625787048115625, "Validation Rev-Contraindication AUROC": 0.7391402031744854, "Validation Rev-Contraindication AUPRC": 0.7343117604146063, "Validation Rev-Indication AUROC": 0.8713281168221833, "Validation Rev-Indication AUPRC": 0.8597106021038075, "Validation Rev-Off-Label AUROC": 0.8158141131675041, "Validation Rev-Off-Label AUPRC": 0.7879684225236452, "Validation Loss": 0.624263346195221, "Validation Relation Performance": {"_type": "table-file", "sha256": "7e9160417ce53d412bd4fa54c30080be86391ec13da1670ab816462053979a51", "size": 441, "artifact_path": "wandb-client-artifact://ztddtz5htrb9x1df7bb29rfmyik37k5sc7orpp9vl9ask3xv0wijyoei0r9ot6x9przxrii2gew1d0a53vuoipmf01aoslw9j9bkngljzxs220j17slgw679ja1arn6v:latest/Validation Relation Performance.table.json", "_latest_artifact_path": "wandb-client-artifact://ztddtz5htrb9x1df7bb29rfmyik37k5sc7orpp9vl9ask3xv0wijyoei0r9ot6x9przxrii2gew1d0a53vuoipmf01aoslw9j9bkngljzxs220j17slgw679ja1arn6v:latest/Validation Relation Performance.table.json", "path": "media/table/Validation Relation Performance_7509_7e9160417ce53d412bd4.table.json", "ncols": 4, "nrows": 6}, "Testing Micro AUROC": 0.8147329788412376, "Testing Micro AUPRC": 0.7905905827365584, "Testing Macro AUROC": 0.8287579814158565, "Testing Macro AUPRC": 0.8001806426494449, "Testing Contraindication AUROC": 0.822179645560522, "Testing Contraindication AUPRC": 0.7801855320485717, "Testing Indication AUROC": 0.8639619349078809, "Testing Indication AUPRC": 0.8430853979249879, "Testing Off-Label AUROC": 0.8390721450617284, "Testing Off-Label AUPRC": 0.8265385513997923, "Testing Rev-Contraindication AUROC": 0.7604658475775478, "Testing Rev-Contraindication AUPRC": 0.7447066858322124, "Testing Rev-Indication AUROC": 0.867616772177583, "Testing Rev-Indication AUPRC": 0.8507494799342337, "Testing Rev-Off-Label AUROC": 0.8192515432098766, "Testing Rev-Off-Label AUPRC": 0.755818208756871, "Testing Loss": 0.5388028025627136, "Testing Relation Performance": {"_type": "table-file", "sha256": "340afc67d23407a942e54b38683684e30381eef1d4ba38180d1dd9f61c233f16", "size": 439, "artifact_path": "wandb-client-artifact://5vc3lphltgd2txpu78o098rthdk7o58puklcebq7s8rptlvegznjh68kgl30n5rgop5m5elbqyzcevqjbs2ns343n5ygn1q4wqeo8e9lj7womx6mwomomekq4lyxyb74:latest/Testing Relation Performance.table.json", "_latest_artifact_path": "wandb-client-artifact://5vc3lphltgd2txpu78o098rthdk7o58puklcebq7s8rptlvegznjh68kgl30n5rgop5m5elbqyzcevqjbs2ns343n5ygn1q4wqeo8e9lj7womx6mwomomekq4lyxyb74:latest/Testing Relation Performance.table.json", "path": "media/table/Testing Relation Performance_7532_340afc67d23407a942e5.table.json", "ncols": 4, "nrows": 6}, "_wandb": {"runtime": 13645}}