{"Pretraining Loss": 0.529242992401123, "_timestamp": 1706101141.1813269, "_runtime": 46069.51771688461, "_step": 7531, "Pretraining Micro AUROC": 0.7972850799560547, "Pretraining Micro AUPRC": 0.7684714046376355, "Pretraining Macro AUROC": 0.8033302418498752, "Pretraining Macro AUPRC": 0.8347772971666174, "Pretraining Contraindication AUROC": 0.6666666666666667, "Pretraining Contraindication AUPRC": 0.6388888888888888, "Pretraining Indication AUROC": 1.0, "Pretraining Indication AUPRC": 1.0, "Pretraining Rev-Contraindication AUROC": 0.6399999999999999, "Pretraining Rev-Contraindication AUPRC": 0.7087301587301587, "Pretraining Rev-Indication AUROC": 1.0, "Pretraining Rev-Indication AUPRC": 1.0, "Pretraining Rev-Off-Label AUROC": 1.0, "Pretraining Rev-Off-Label AUPRC": 1.0, "Pretraining LR": 0.001, "Pretraining Off-Label AUROC": 0.0, "Pretraining Off-Label AUPRC": 0.5, "Training Loss": 0.3675124943256378, "Training Micro AUROC": 0.9128675481330989, "Training Micro AUPRC": 0.8956704826923452, "Training Macro AUROC": 0.9222730963221131, "Training Macro AUPRC": 0.9035801422835954, "Training Contraindication AUROC": 0.9253630724351156, "Training Contraindication AUPRC": 0.9037736625863839, "Training Indication AUROC": 0.9572570734057367, "Training Indication AUPRC": 0.9459931016279206, "Training Off-Label AUROC": 0.9122158357473303, "Training Off-Label AUPRC": 0.8911823116397699, "Training Rev-Contraindication AUROC": 0.8517489281712408, "Training Rev-Contraindication AUPRC": 0.8295103200122922, "Training Rev-Indication AUROC": 0.9589784797851403, "Training Rev-Indication AUPRC": 0.9469572462864011, "Training Rev-Off-Label AUROC": 0.9280751883881141, "Training Rev-Off-Label AUPRC": 0.9040642115488046, "LR": 0.0005, "Validation Micro AUROC": 0.7669953311785738, "Validation Micro AUPRC": 0.7778839810445132, "Validation Macro AUROC": 0.8115759485994469, "Validation Macro AUPRC": 0.8066421312044669, "Validation Contraindication AUROC": 0.7148628923606672, "Validation Contraindication AUPRC": 0.7514398558994491, "Validation Indication AUROC": 0.8540866026051939, "Validation Indication AUPRC": 0.8421902255205966, "Validation Off-Label AUROC": 0.83135907299681, "Validation Off-Label AUPRC": 0.80974853276145, "Validation Rev-Contraindication AUROC": 0.7458532635585369, "Validation Rev-Contraindication AUPRC": 0.7338591893339654, "Validation Rev-Indication AUROC": 0.8881758735864508, "Validation Rev-Indication AUPRC": 0.8808898670677425, "Validation Rev-Off-Label AUROC": 0.8351179864890224, "Validation Rev-Off-Label AUPRC": 0.8217251166435977, "Validation Loss": 0.7225068807601929, "Validation Relation Performance": {"_type": "table-file", "sha256": "f57f529a33ab8ee2520d5800ee23f4cce069a8005e6d5dfe2af155b1e86ff41b", "size": 438, "artifact_path": "wandb-client-artifact://u504ba9dxpjy4sdxbvfpti0nsq4up5jix4x92b884fgw3k9xr3d5yb29fg6wbl7v11rdt0zbx1w139vzxvtl1ya670vejg0qwx610klqekd9zgdf95kjrzblxeltueo2:latest/Validation Relation Performance.table.json", "_latest_artifact_path": "wandb-client-artifact://u504ba9dxpjy4sdxbvfpti0nsq4up5jix4x92b884fgw3k9xr3d5yb29fg6wbl7v11rdt0zbx1w139vzxvtl1ya670vejg0qwx610klqekd9zgdf95kjrzblxeltueo2:latest/Validation Relation Performance.table.json", "path": "media/table/Validation Relation Performance_7508_f57f529a33ab8ee2520d.table.json", "ncols": 4, "nrows": 6}, "Testing Micro AUROC": 0.7064535574250281, "Testing Micro AUPRC": 0.7064306070473347, "Testing Macro AUROC": 0.753107466159484, "Testing Macro AUPRC": 0.7411064903480598, "Testing Contraindication AUROC": 0.6725650353180881, "Testing Contraindication AUPRC": 0.6430523160769982, "Testing Indication AUROC": 0.7979623221837755, "Testing Indication AUPRC": 0.7918871502813544, "Testing Off-Label AUROC": 0.7933595569587496, "Testing Off-Label AUPRC": 0.7898560136359756, "Testing Rev-Contraindication AUROC": 0.6858093183856906, "Testing Rev-Contraindication AUPRC": 0.6926635601123091, "Testing Rev-Indication AUROC": 0.7704650487646039, "Testing Rev-Indication AUPRC": 0.7739888661075514, "Testing Rev-Off-Label AUROC": 0.7984835153459966, "Testing Rev-Off-Label AUPRC": 0.7551910358741698, "Testing Loss": 0.7507505416870117, "Testing Relation Performance": {"_type": "table-file", "sha256": "7b6b024795a92a968352fd89545e28dfe561736b0eeeb04f134b3a56550f1693", "size": 442, "artifact_path": "wandb-client-artifact://tfo05g51f0oz0a64a6clm86qhn1zehxzmfgdfqrntot4f236q2p4di9q9jo08r5y60qpzarlg5hu3snvm0xn58qvibqls25iv2xrbhzyxhlr2s6b9vk1w9ytu3c12oaw:latest/Testing Relation Performance.table.json", "_latest_artifact_path": "wandb-client-artifact://tfo05g51f0oz0a64a6clm86qhn1zehxzmfgdfqrntot4f236q2p4di9q9jo08r5y60qpzarlg5hu3snvm0xn58qvibqls25iv2xrbhzyxhlr2s6b9vk1w9ytu3c12oaw:latest/Testing Relation Performance.table.json", "path": "media/table/Testing Relation Performance_7531_7b6b024795a92a968352.table.json", "ncols": 4, "nrows": 6}}