{"Training Loss": 0.6932201385498047, "_timestamp": 1706302175.0260065, "_runtime": 19.764891386032104, "_step": 1, "Training Micro AUROC": 0.49996843208351044, "Training Micro AUPRC": 0.5073642548434742, "Training Macro AUROC": 0.48672263414139083, "Training Macro AUPRC": 0.4886539317618237, "Training Contraindication AUROC": 0.4964944845565875, "Training Contraindication AUPRC": 0.4971172970513206, "Training Indication AUROC": 0.49346291608806503, "Training Indication AUPRC": 0.49302570856973493, "Training Off-Label AUROC": 0.49305927153217777, "Training Off-Label AUPRC": 0.4925720148679677, "Training Rev-Contraindication AUROC": 0.5270126635026032, "Training Rev-Contraindication AUPRC": 0.5261818411737854, "Training Rev-Indication AUROC": 0.4389953835893583, "Training Rev-Indication AUPRC": 0.44967033981669735, "Training Rev-Off-Label AUROC": 0.47131108557955337, "Training Rev-Off-Label AUPRC": 0.4733563890914364, "LR": 0.0005, "_wandb": {"runtime": 93}}