{"Pretraining Loss": 0.6448858976364136, "_timestamp": 1706331572.1669025, "_runtime": 406.663857460022, "_step": 129, "Pretraining Micro AUROC": 0.6365809440612793, "Pretraining Micro AUPRC": 0.5950882199287661, "Pretraining Macro AUROC": 0.66597468482213, "Pretraining Macro AUPRC": 0.7012050379553538, "Pretraining Contraindication AUROC": 0.76, "Pretraining Contraindication AUPRC": 0.7961904761904761, "Pretraining Off-Label AUROC": 0.75, "Pretraining Off-Label AUPRC": 0.8333333333333333, "Pretraining Rev-Contraindication AUROC": 0.75, "Pretraining Rev-Contraindication AUPRC": 0.8333333333333333, "Pretraining LR": 0.001, "Pretraining Indication AUROC": 1.0, "Pretraining Indication AUPRC": 1.0, "Pretraining Rev-Indication AUROC": 0.4375, "Pretraining Rev-Indication AUPRC": 0.6488095238095237, "Pretraining Rev-Off-Label AUROC": 1.0, "Pretraining Rev-Off-Label AUPRC": 1.0}