{"Pretraining Loss": 0.523926854133606, "_timestamp": 1705609995.451653, "_runtime": 10790.59927392006, "_step": 7532, "Pretraining Micro AUROC": 0.7891111373901367, "Pretraining Micro AUPRC": 0.7603424118559801, "Pretraining Macro AUROC": 0.8354230054109643, "Pretraining Macro AUPRC": 0.841205524471926, "Pretraining Contraindication AUROC": 0.8395061728395062, "Pretraining Contraindication AUPRC": 0.8078924162257497, "Pretraining Indication AUROC": 1.0, "Pretraining Indication AUPRC": 1.0, "Pretraining Rev-Contraindication AUROC": 0.6666666666666667, "Pretraining Rev-Contraindication AUPRC": 0.7555555555555555, "Pretraining Rev-Off-Label AUROC": 0.0, "Pretraining Rev-Off-Label AUPRC": 0.5, "Pretraining LR": 0.001, "Pretraining Rev-Indication AUROC": 1.0, "Pretraining Rev-Indication AUPRC": 1.0, "Pretraining Off-Label AUROC": 1.0, "Pretraining Off-Label AUPRC": 1.0, "Training Loss": 0.36887210607528687, "Training Micro AUROC": 0.9127405993944174, "Training Micro AUPRC": 0.8942069953552705, "Training Macro AUROC": 0.9238881624816003, "Training Macro AUPRC": 0.9040900511712154, "Training Contraindication AUROC": 0.924570827002025, "Training Contraindication AUPRC": 0.900285342706889, "Training Indication AUROC": 0.9554941287690117, "Training Indication AUPRC": 0.9436653218174855, "Training Off-Label AUROC": 0.9200545830760134, "Training Off-Label AUPRC": 0.8961453363667423, "Training Rev-Contraindication AUROC": 0.8531116215802075, "Training Rev-Contraindication AUPRC": 0.8309978055975784, "Training Rev-Indication AUROC": 0.9596148603694808, "Training Rev-Indication AUPRC": 0.9472012663745428, "Training Rev-Off-Label AUROC": 0.9304829540928639, "Training Rev-Off-Label AUPRC": 0.9062452341640553, "LR": 0.0005, "Validation Micro AUROC": 0.7830439220598491, "Validation Micro AUPRC": 0.7829414102170011, "Validation Macro AUROC": 0.808955449864431, "Validation Macro AUPRC": 0.7978023694872852, "Validation Contraindication AUROC": 0.7710281713537411, "Validation Contraindication AUPRC": 0.7762385297483049, "Validation Indication AUROC": 0.8510302254425806, "Validation Indication AUPRC": 0.8472820959708567, "Validation Off-Label AUROC": 0.8022299553696826, "Validation Off-Label AUPRC": 0.7783323099037159, "Validation Rev-Contraindication AUROC": 0.7385678397727262, "Validation Rev-Contraindication AUPRC": 0.737039617461681, "Validation Rev-Indication AUROC": 0.8642481248627863, "Validation Rev-Indication AUPRC": 0.8548771718293495, "Validation Rev-Off-Label AUROC": 0.8266283823850692, "Validation Rev-Off-Label AUPRC": 0.7930444920098031, "Validation Loss": 0.6258118152618408, "Validation Relation Performance": {"_type": "table-file", "sha256": "0056c9dde6cc139379b8568a1326a3954b858fc40954cb385ac0c446f62c4593", "size": 441, "artifact_path": "wandb-client-artifact://rs8pc5945tbnnw0utamtbtmk3fibe40o2xz6qi9ocrv93wsaudkw5q3eaivtj7j9caewrryrmoxpev6j132ksuxxdbp2a3kwf59of5nq6us9hdcjgsrzuduwgt2jl3jx:latest/Validation Relation Performance.table.json", "_latest_artifact_path": "wandb-client-artifact://rs8pc5945tbnnw0utamtbtmk3fibe40o2xz6qi9ocrv93wsaudkw5q3eaivtj7j9caewrryrmoxpev6j132ksuxxdbp2a3kwf59of5nq6us9hdcjgsrzuduwgt2jl3jx:latest/Validation Relation Performance.table.json", "path": "media/table/Validation Relation Performance_7509_0056c9dde6cc139379b8.table.json", "ncols": 4, "nrows": 6}, "Testing Micro AUROC": 0.8143924463844289, "Testing Micro AUPRC": 0.785590705694463, "Testing Macro AUROC": 0.8248533099792512, "Testing Macro AUPRC": 0.7889975682947691, "Testing Contraindication AUROC": 0.8203324273938143, "Testing Contraindication AUPRC": 0.773171558978842, "Testing Indication AUROC": 0.873508643778914, "Testing Indication AUPRC": 0.8506314770808713, "Testing Off-Label AUROC": 0.8192515432098766, "Testing Off-Label AUPRC": 0.7869285841365364, "Testing Rev-Contraindication AUROC": 0.7587547449518205, "Testing Rev-Contraindication AUPRC": 0.7413123349105597, "Testing Rev-Indication AUROC": 0.8696914820225631, "Testing Rev-Indication AUPRC": 0.848170612796795, "Testing Rev-Off-Label AUROC": 0.8075810185185186, "Testing Rev-Off-Label AUPRC": 0.73377084186501, "Testing Loss": 0.5381826758384705, "Testing Relation Performance": {"_type": "table-file", "sha256": "585f6c3647f099a5855d871e5a791e59760e96f1e8ee6e8648942c13b4a20c38", "size": 437, "artifact_path": "wandb-client-artifact://kqljcfizg4wf6yw6x5qntjr1tgzil23n4yjzw21fdsrsqsh2kpuwcnnpe9frtcctcywzjo30f0r3mr16fus5q8ybo2wsgh7awfssvg0gw2slmkucjaq6pzxto4ttmero:latest/Testing Relation Performance.table.json", "_latest_artifact_path": "wandb-client-artifact://kqljcfizg4wf6yw6x5qntjr1tgzil23n4yjzw21fdsrsqsh2kpuwcnnpe9frtcctcywzjo30f0r3mr16fus5q8ybo2wsgh7awfssvg0gw2slmkucjaq6pzxto4ttmero:latest/Testing Relation Performance.table.json", "path": "media/table/Testing Relation Performance_7532_585f6c3647f099a5855d.table.json", "ncols": 4, "nrows": 6}, "_wandb": {"runtime": 10790}}