{"Pretraining Loss": 0.5336108207702637, "_timestamp": 1706669339.07734, "_runtime": 5685.769976854324, "_step": 7532, "Pretraining Micro AUROC": 0.7996258735656738, "Pretraining Micro AUPRC": 0.7722783937940436, "Pretraining Macro AUROC": 0.8767742751765145, "Pretraining Macro AUPRC": 0.8798044157340902, "Pretraining Contraindication AUROC": 0.9375, "Pretraining Contraindication AUPRC": 0.95, "Pretraining Indication AUROC": 1.0, "Pretraining Indication AUPRC": 1.0, "Pretraining Rev-Contraindication AUROC": 0.7777777777777778, "Pretraining Rev-Contraindication AUPRC": 0.8666666666666667, "Pretraining Rev-Indication AUROC": 1.0, "Pretraining Rev-Indication AUPRC": 1.0, "Pretraining LR": 0.001, "Pretraining Rev-Off-Label AUROC": 1.0, "Pretraining Rev-Off-Label AUPRC": 1.0, "Pretraining Off-Label AUROC": 1.0, "Pretraining Off-Label AUPRC": 1.0, "Training Loss": 0.34207019209861755, "Training Micro AUROC": 0.9242720429400575, "Training Micro AUPRC": 0.9064353902771866, "Training Macro AUROC": 0.9340584649165596, "Training Macro AUPRC": 0.9143105186542679, "Training Contraindication AUROC": 0.9354503539493353, "Training Contraindication AUPRC": 0.9138093550855557, "Training Indication AUROC": 0.9614799958872778, "Training Indication AUPRC": 0.9500233158622304, "Training Off-Label AUROC": 0.9306078265261848, "Training Off-Label AUPRC": 0.9071444739360034, "Training Rev-Contraindication AUROC": 0.8687474202753442, "Training Rev-Contraindication AUPRC": 0.8450295813483419, "Training Rev-Indication AUROC": 0.9668783518385828, "Training Rev-Indication AUPRC": 0.9545667092618184, "Training Rev-Off-Label AUROC": 0.9411868410226327, "Training Rev-Off-Label AUPRC": 0.915289676431658, "LR": 0.0005, "Validation Micro AUROC": 0.7991872898210887, "Validation Micro AUPRC": 0.79674876185453, "Validation Macro AUROC": 0.8206854576734521, "Validation Macro AUPRC": 0.8101807627724891, "Validation Contraindication AUROC": 0.790103968889065, "Validation Contraindication AUPRC": 0.792848195249402, "Validation Indication AUROC": 0.8613324798683859, "Validation Indication AUPRC": 0.8584924589943213, "Validation Off-Label AUROC": 0.8310758091195656, "Validation Off-Label AUPRC": 0.8136224027655097, "Validation Rev-Contraindication AUROC": 0.7578646563397655, "Validation Rev-Contraindication AUPRC": 0.7493150025853302, "Validation Rev-Indication AUROC": 0.8753887140685546, "Validation Rev-Indication AUPRC": 0.8671993383303467, "Validation Rev-Off-Label AUROC": 0.808347117755376, "Validation Rev-Off-Label AUPRC": 0.7796071787100254, "Validation Loss": 0.6137071251869202, "Validation Relation Performance": {"_type": "table-file", "sha256": "54b13c7fff213efec4d5592aef0850ae10255a1f7e141734ab67d664f338c9a6", "size": 439, "artifact_path": "wandb-client-artifact://40rk1jjiy1wday5xa5cts11lokkna59ry0rjzs34ga9p5dnzaicpldmbtuckpxyfhmm19xrfzy1fg0h503an4cc0hyih3q7wuwgv7irvc3oyfvud4pxlnbd1beru96ic:latest/Validation Relation Performance.table.json", "_latest_artifact_path": "wandb-client-artifact://40rk1jjiy1wday5xa5cts11lokkna59ry0rjzs34ga9p5dnzaicpldmbtuckpxyfhmm19xrfzy1fg0h503an4cc0hyih3q7wuwgv7irvc3oyfvud4pxlnbd1beru96ic:latest/Validation Relation Performance.table.json", "path": "media/table/Validation Relation Performance_7509_54b13c7fff213efec4d5.table.json", "ncols": 4, "nrows": 6}, "Testing Micro AUROC": 0.8359865754085369, "Testing Micro AUPRC": 0.8085190276014395, "Testing Macro AUROC": 0.8479049350965261, "Testing Macro AUPRC": 0.811763189517981, "Testing Contraindication AUROC": 0.8443601895734596, "Testing Contraindication AUPRC": 0.8037975702022652, "Testing Indication AUROC": 0.904784006979953, "Testing Indication AUPRC": 0.8966272691764289, "Testing Off-Label AUROC": 0.8609905478395061, "Testing Off-Label AUPRC": 0.8041455477362611, "Testing Rev-Contraindication AUROC": 0.7695963702522405, "Testing Rev-Contraindication AUPRC": 0.748387763117933, "Testing Rev-Indication AUROC": 0.8771381178475772, "Testing Rev-Indication AUPRC": 0.8474261207494913, "Testing Rev-Off-Label AUROC": 0.8305603780864198, "Testing Rev-Off-Label AUPRC": 0.7701948661255065, "Testing Loss": 0.513195812702179, "Testing Relation Performance": {"_type": "table-file", "sha256": "d32e1d0007cff827c85b82c400e87549050a8979de9d1ce452c6d04abf21d8cd", "size": 440, "artifact_path": "wandb-client-artifact://qi7febqb3hng47u0qs999ticylxu8p56a96s9ivttp1pfkuv7smk6w8dpmhc4l1lnag2173x61dgdfgqxthtej9u3iji3ymmnrpdvwun78h0gjvyzqm3fcpio69yr467:latest/Testing Relation Performance.table.json", "_latest_artifact_path": "wandb-client-artifact://qi7febqb3hng47u0qs999ticylxu8p56a96s9ivttp1pfkuv7smk6w8dpmhc4l1lnag2173x61dgdfgqxthtej9u3iji3ymmnrpdvwun78h0gjvyzqm3fcpio69yr467:latest/Testing Relation Performance.table.json", "path": "media/table/Testing Relation Performance_7532_d32e1d0007cff827c85b.table.json", "ncols": 4, "nrows": 6}, "_wandb": {"runtime": 5685}}