{"Training Loss": 0.5752497911453247, "_timestamp": 1706430023.0973635, "_runtime": 67.56789135932922, "_step": 142, "Training Micro AUROC": 0.7634076768746759, "Training Micro AUPRC": 0.7450385084619623, "Training Macro AUROC": 0.7249181063195511, "Training Macro AUPRC": 0.7057694684153137, "Training Contraindication AUROC": 0.8248579961431292, "Training Contraindication AUPRC": 0.8038338290282756, "Training Indication AUROC": 0.7692998410520888, "Training Indication AUPRC": 0.7454930003585554, "Training Off-Label AUROC": 0.6334047581785587, "Training Off-Label AUPRC": 0.622001092712286, "Training Rev-Contraindication AUROC": 0.7014392593357491, "Training Rev-Contraindication AUPRC": 0.6779416011649081, "Training Rev-Indication AUROC": 0.7553800927442859, "Training Rev-Indication AUPRC": 0.7366385306165566, "Training Rev-Off-Label AUROC": 0.6651266904634947, "Training Rev-Off-Label AUPRC": 0.6487087566113003, "LR": 0.0005, "Validation Micro AUROC": 0.6569476887123443, "Validation Micro AUPRC": 0.6565891597277843, "Validation Macro AUROC": 0.6425864965086026, "Validation Macro AUPRC": 0.6353378502583968, "Validation Contraindication AUROC": 0.68071079120972, "Validation Contraindication AUPRC": 0.6928634550452499, "Validation Indication AUROC": 0.7051331099626594, "Validation Indication AUPRC": 0.686414139576799, "Validation Off-Label AUROC": 0.59765612808589, "Validation Off-Label AUPRC": 0.5950439600487296, "Validation Rev-Contraindication AUROC": 0.6366148710111756, "Validation Rev-Contraindication AUPRC": 0.6230537298038811, "Validation Rev-Indication AUROC": 0.6646197711762902, "Validation Rev-Indication AUPRC": 0.6607531472442189, "Validation Rev-Off-Label AUROC": 0.57078430760588, "Validation Rev-Off-Label AUPRC": 0.5538986698315027, "Validation Loss": 0.6600489616394043, "Validation Relation Performance": {"_type": "table-file", "sha256": "58f0d714894521489e8baf6e945567089039c02adc0d3a2e49c0b5aea9e4ffe1", "size": 435, "artifact_path": "wandb-client-artifact://krid36cmcjgafs570nh3t956p9onmlrfgn3o3wu3bkp06v05579rsoap67ktbkm9nrvx3vgstpdcjg90sly632mo8k6nnxwyppsg5mqrjnhm12q27vmwmta4zi7q0aso:latest/Validation Relation Performance.table.json", "_latest_artifact_path": "wandb-client-artifact://krid36cmcjgafs570nh3t956p9onmlrfgn3o3wu3bkp06v05579rsoap67ktbkm9nrvx3vgstpdcjg90sly632mo8k6nnxwyppsg5mqrjnhm12q27vmwmta4zi7q0aso:latest/Validation Relation Performance.table.json", "path": "media/table/Validation Relation Performance_127_58f0d714894521489e8b.table.json", "ncols": 4, "nrows": 6}, "_wandb": {"runtime": 67}}