{"Training Loss": 0.787973940372467, "_timestamp": 1706377808.5227304, "_runtime": 9.55724835395813, "_step": 1, "Training Micro AUROC": 0.4986522148852221, "Training Micro AUPRC": 0.5055177797922387, "Training Macro AUROC": 0.5007977536482673, "Training Macro AUPRC": 0.5088572845375534, "Training Contraindication AUROC": 0.4966654979707288, "Training Contraindication AUPRC": 0.5116098599799839, "Training Indication AUROC": 0.4937042784712995, "Training Indication AUPRC": 0.5100063007095137, "Training Off-Label AUROC": 0.5076267068632514, "Training Off-Label AUPRC": 0.5193231153691872, "Training Rev-Contraindication AUROC": 0.49902751208421425, "Training Rev-Contraindication AUPRC": 0.49944371441562335, "Training Rev-Indication AUROC": 0.5056049042211812, "Training Rev-Indication AUPRC": 0.5041261637276174, "Training Rev-Off-Label AUROC": 0.5021576222789289, "Training Rev-Off-Label AUPRC": 0.5086345530233949, "LR": 0.0005, "_wandb": {"runtime": 11}}