{"Pretraining Loss": 0.5399588346481323, "_timestamp": 1706359985.244693, "_runtime": 6663.640963077545, "_step": 7532, "Pretraining Micro AUROC": 0.8048043251037598, "Pretraining Micro AUPRC": 0.7739562965249167, "Pretraining Macro AUROC": 0.8269594712985044, "Pretraining Macro AUPRC": 0.8621934711121185, "Pretraining Contraindication AUROC": 0.875, "Pretraining Contraindication AUPRC": 0.8875, "Pretraining Indication AUROC": 1.0, "Pretraining Indication AUPRC": 1.0, "Pretraining Rev-Contraindication AUROC": 0.888888888888889, "Pretraining Rev-Contraindication AUPRC": 0.9166666666666665, "Pretraining Rev-Indication AUROC": 0.8400000000000001, "Pretraining Rev-Indication AUPRC": 0.81, "Pretraining LR": 0.001, "Pretraining Off-Label AUROC": 1.0, "Pretraining Off-Label AUPRC": 1.0, "Pretraining Rev-Off-Label AUROC": 0.0, "Pretraining Rev-Off-Label AUPRC": 0.5, "Training Loss": 0.36420175433158875, "Training Micro AUROC": 0.9153233343169074, "Training Micro AUPRC": 0.8971840011982198, "Training Macro AUROC": 0.926456037712775, "Training Macro AUPRC": 0.9072462194021643, "Training Contraindication AUROC": 0.9272245908020736, "Training Contraindication AUPRC": 0.9028572854817316, "Training Indication AUROC": 0.9575899127886857, "Training Indication AUPRC": 0.9477431802317308, "Training Off-Label AUROC": 0.9231072806485683, "Training Off-Label AUPRC": 0.9010089778574661, "Training Rev-Contraindication AUROC": 0.8561274811634085, "Training Rev-Contraindication AUPRC": 0.8354566192939386, "Training Rev-Indication AUROC": 0.9607081643536605, "Training Rev-Indication AUPRC": 0.9481910962712152, "Training Rev-Off-Label AUROC": 0.9339787965202527, "Training Rev-Off-Label AUPRC": 0.9082201572769042, "LR": 0.0005, "Validation Micro AUROC": 0.7863153198084522, "Validation Micro AUPRC": 0.7857796314018589, "Validation Macro AUROC": 0.8082636101556866, "Validation Macro AUPRC": 0.7989558019287916, "Validation Contraindication AUROC": 0.7784769999200808, "Validation Contraindication AUPRC": 0.780946197274627, "Validation Indication AUROC": 0.8544178390230482, "Validation Indication AUPRC": 0.8501856628535691, "Validation Off-Label AUROC": 0.7869370494054493, "Validation Off-Label AUPRC": 0.7761515483125045, "Validation Rev-Contraindication AUROC": 0.7404423322557836, "Validation Rev-Contraindication AUPRC": 0.7398914772024408, "Validation Rev-Indication AUROC": 0.868468515202576, "Validation Rev-Indication AUPRC": 0.8592863058534586, "Validation Rev-Off-Label AUROC": 0.8208389251271809, "Validation Rev-Off-Label AUPRC": 0.7872736200761492, "Validation Loss": 0.6128992438316345, "Validation Relation Performance": {"_type": "table-file", "sha256": "add93e04076c49bc47bef161866f309295af6d55f4672988cd173617b67b1552", "size": 440, "artifact_path": "wandb-client-artifact://ka9bit6im2ud8h9obhrv14n1dxivnpt3zsbkdroem63qiwyjiktn37zov9c182l2xs7esiw631y183ly8q30m0n53dia3svnvokqpe3y5f1krgf8sxi0fgrt4uv34vcj:latest/Validation Relation Performance.table.json", "_latest_artifact_path": "wandb-client-artifact://ka9bit6im2ud8h9obhrv14n1dxivnpt3zsbkdroem63qiwyjiktn37zov9c182l2xs7esiw631y183ly8q30m0n53dia3svnvokqpe3y5f1krgf8sxi0fgrt4uv34vcj:latest/Validation Relation Performance.table.json", "path": "media/table/Validation Relation Performance_7509_add93e04076c49bc47be.table.json", "ncols": 4, "nrows": 6}, "Testing Micro AUROC": 0.8212595422250984, "Testing Micro AUPRC": 0.797147614971916, "Testing Macro AUROC": 0.8317139217585243, "Testing Macro AUPRC": 0.7979993221848498, "Testing Contraindication AUROC": 0.8260227757687384, "Testing Contraindication AUPRC": 0.7796754064267231, "Testing Indication AUROC": 0.8779167681194708, "Testing Indication AUPRC": 0.8551461786036886, "Testing Off-Label AUROC": 0.81640625, "Testing Off-Label AUPRC": 0.7733138582673629, "Testing Rev-Contraindication AUROC": 0.7652114732373487, "Testing Rev-Contraindication AUPRC": 0.7501708456984453, "Testing Rev-Indication AUROC": 0.8754438560181803, "Testing Rev-Indication AUPRC": 0.8670858510222523, "Testing Rev-Off-Label AUROC": 0.8292824074074073, "Testing Rev-Off-Label AUPRC": 0.7626037930906273, "Testing Loss": 0.52825927734375, "Testing Relation Performance": {"_type": "table-file", "sha256": "ff9973123fe10a09e6d8834666f0b21041be1db0c19fcecfdb97b249b6c8c5ba", "size": 434, "artifact_path": "wandb-client-artifact://jyxkb1pzujhp5qc69zb4m8cagcgyxzfm17jgm6ntu1aej0isoe6cgodxstxh8uxo9dy5r72yn958z9ur8kkdw7yyn9vneoxn0jfsb9eovda5itxu8yh1jxxfyp16agqi:latest/Testing Relation Performance.table.json", "_latest_artifact_path": "wandb-client-artifact://jyxkb1pzujhp5qc69zb4m8cagcgyxzfm17jgm6ntu1aej0isoe6cgodxstxh8uxo9dy5r72yn958z9ur8kkdw7yyn9vneoxn0jfsb9eovda5itxu8yh1jxxfyp16agqi:latest/Testing Relation Performance.table.json", "path": "media/table/Testing Relation Performance_7532_ff9973123fe10a09e6d8.table.json", "ncols": 4, "nrows": 6}, "_wandb": {"runtime": 6663}}