{"Training Loss": 0.47112178802490234, "_timestamp": 1706383174.0079548, "_runtime": 171.3090648651123, "_step": 414, "Training Micro AUROC": 0.8539596067932441, "Training Micro AUPRC": 0.8306726414001582, "Training Macro AUROC": 0.849426131868157, "Training Macro AUPRC": 0.8201111742176717, "Training Contraindication AUROC": 0.8842587144142998, "Training Contraindication AUPRC": 0.8622862840478427, "Training Indication AUROC": 0.9099150690861315, "Training Indication AUPRC": 0.8849435018803556, "Training Off-Label AUROC": 0.795304796507133, "Training Off-Label AUPRC": 0.7753908502472674, "Training Rev-Contraindication AUROC": 0.7785121571335334, "Training Rev-Contraindication AUPRC": 0.7456464278384572, "Training Rev-Indication AUROC": 0.9027821925530122, "Training Rev-Indication AUPRC": 0.880255051918946, "Training Rev-Off-Label AUROC": 0.8257838615148315, "Training Rev-Off-Label AUPRC": 0.7721449293731615, "LR": 0.0005, "Validation Micro AUROC": 0.7262348482243468, "Validation Micro AUPRC": 0.7176028845518363, "Validation Macro AUROC": 0.7385218706435404, "Validation Macro AUPRC": 0.7195294848934752, "Validation Contraindication AUROC": 0.7266054071992242, "Validation Contraindication AUPRC": 0.7209219021371323, "Validation Indication AUROC": 0.7909702543998681, "Validation Indication AUPRC": 0.7767574347229652, "Validation Off-Label AUROC": 0.7132580131706251, "Validation Off-Label AUPRC": 0.6850510726042448, "Validation Rev-Contraindication AUROC": 0.69559683055523, "Validation Rev-Contraindication AUPRC": 0.6818338256362373, "Validation Rev-Indication AUROC": 0.7874946388259237, "Validation Rev-Indication AUPRC": 0.7718699759154971, "Validation Rev-Off-Label AUROC": 0.7172060797103712, "Validation Rev-Off-Label AUPRC": 0.6807426983447747, "Validation Loss": 0.6440963745117188, "Validation Relation Performance": {"_type": "table-file", "sha256": "183b40828b20001bcf365c724f9bd27fa21bae8ed31c42258110449c74bb65a5", "size": 440, "artifact_path": "wandb-client-artifact://znljlyat8y8x6ty03x9w14mdis9wwdwgbp9jwe7ahptilypfkme6sp0cnz08lu5fij9p6fldie5704fcb8khuun6spnca62nahmgpv2eixtcg2xwwo3n3jugdrdb2liw:latest/Validation Relation Performance.table.json", "_latest_artifact_path": "wandb-client-artifact://znljlyat8y8x6ty03x9w14mdis9wwdwgbp9jwe7ahptilypfkme6sp0cnz08lu5fij9p6fldie5704fcb8khuun6spnca62nahmgpv2eixtcg2xwwo3n3jugdrdb2liw:latest/Validation Relation Performance.table.json", "path": "media/table/Validation Relation Performance_402_183b40828b20001bcf36.table.json", "ncols": 4, "nrows": 6}, "_wandb": {"runtime": 169}}