{"Pretraining Loss": 0.6708584427833557, "_timestamp": 1706303812.0554385, "_runtime": 51.09696841239929, "_step": 34, "Pretraining Micro AUROC": 0.6026401519775391, "Pretraining Micro AUPRC": 0.6016451071719491, "Pretraining Macro AUROC": 0.5759783106891865, "Pretraining Macro AUPRC": 0.6645247324302919, "Pretraining Contraindication AUROC": 0.3333333333333333, "Pretraining Contraindication AUPRC": 0.6333333333333333, "Pretraining Rev-Contraindication AUROC": 0.0, "Pretraining Rev-Contraindication AUPRC": 0.5, "Pretraining Rev-Indication AUROC": 1.0, "Pretraining Rev-Indication AUPRC": 1.0, "Pretraining Rev-Off-Label AUROC": 0.0, "Pretraining Rev-Off-Label AUPRC": 0.5, "Pretraining LR": 0.001, "Pretraining Indication AUROC": 0.4375, "Pretraining Indication AUPRC": 0.5416666666666666}