{"Pretraining Loss": 0.5419056415557861, "_timestamp": 1706200929.626286, "_runtime": 65995.07286596298, "_step": 7532, "Pretraining Micro AUROC": 0.8077378273010254, "Pretraining Micro AUPRC": 0.7876590164359121, "Pretraining Macro AUROC": 0.7896420635582727, "Pretraining Macro AUPRC": 0.8350484777388729, "Pretraining Contraindication AUROC": 0.7777777777777779, "Pretraining Contraindication AUPRC": 0.8055555555555556, "Pretraining Rev-Contraindication AUROC": 0.8775510204081631, "Pretraining Rev-Contraindication AUPRC": 0.8976190476190475, "Pretraining LR": 0.001, "Pretraining Off-Label AUROC": 1.0, "Pretraining Off-Label AUPRC": 1.0, "Pretraining Rev-Indication AUROC": 0.6875, "Pretraining Rev-Indication AUPRC": 0.7470238095238095, "Pretraining Indication AUROC": 0.5, "Pretraining Indication AUPRC": 0.75, "Pretraining Rev-Off-Label AUROC": 1.0, "Pretraining Rev-Off-Label AUPRC": 1.0, "Training Loss": 0.3709125518798828, "Training Micro AUROC": 0.9127203497921441, "Training Micro AUPRC": 0.895583610440108, "Training Macro AUROC": 0.9240871721524364, "Training Macro AUPRC": 0.9047770124854874, "Training Contraindication AUROC": 0.9275449862472428, "Training Contraindication AUPRC": 0.9074746848469661, "Training Indication AUROC": 0.9535304066989023, "Training Indication AUPRC": 0.9409162258696822, "Training Off-Label AUROC": 0.923361989246219, "Training Off-Label AUPRC": 0.9000122007325162, "Training Rev-Contraindication AUROC": 0.85018113453221, "Training Rev-Contraindication AUPRC": 0.8284951239388032, "Training Rev-Indication AUROC": 0.9572271149760098, "Training Rev-Indication AUPRC": 0.9440823735335458, "Training Rev-Off-Label AUROC": 0.9326774012140351, "Training Rev-Off-Label AUPRC": 0.9076814659914098, "LR": 0.0004, "Validation Micro AUROC": 0.7879878275572512, "Validation Micro AUPRC": 0.7832578506086334, "Validation Macro AUROC": 0.8072176309281324, "Validation Macro AUPRC": 0.7974469872712655, "Validation Contraindication AUROC": 0.7885932692307691, "Validation Contraindication AUPRC": 0.79228949768269, "Validation Indication AUROC": 0.8556214169821525, "Validation Indication AUPRC": 0.8394406275675854, "Validation Off-Label AUROC": 0.8136641385799636, "Validation Off-Label AUPRC": 0.8097027520074692, "Validation Rev-Contraindication AUROC": 0.7512022928994082, "Validation Rev-Contraindication AUPRC": 0.7397532413469489, "Validation Rev-Indication AUROC": 0.8175563007030827, "Validation Rev-Indication AUPRC": 0.8002654056434013, "Validation Rev-Off-Label AUROC": 0.8166683671734175, "Validation Rev-Off-Label AUPRC": 0.8032303993794982, "Validation Loss": 0.6217930912971497, "Validation Relation Performance": {"_type": "table-file", "sha256": "5cf6d31189ed4d3158026708871027ad639764bd988e2d836faf38923a12ce67", "size": 440, "artifact_path": "wandb-client-artifact://u5ypk1ws4x648ui9ufpeyone24rkw7l3il75hugjp293hgouxgxy0l8a5yruc1kfku8z6n7ansoche5nng6f2e7g29tfie2fmmsmi6ex87dtnqya7v3nuziqsmwh5kfv:latest/Validation Relation Performance.table.json", "_latest_artifact_path": "wandb-client-artifact://u5ypk1ws4x648ui9ufpeyone24rkw7l3il75hugjp293hgouxgxy0l8a5yruc1kfku8z6n7ansoche5nng6f2e7g29tfie2fmmsmi6ex87dtnqya7v3nuziqsmwh5kfv:latest/Validation Relation Performance.table.json", "path": "media/table/Validation Relation Performance_7510_5cf6d31189ed4d315802.table.json", "ncols": 4, "nrows": 6}}