{"Training Loss": 0.5679354667663574, "_timestamp": 1706378050.5451105, "_runtime": 181.6168394088745, "_step": 330, "Training Micro AUROC": 0.7742242085853401, "Training Micro AUPRC": 0.7613975799574619, "Training Macro AUROC": 0.7184493699529707, "Training Macro AUPRC": 0.706562302528936, "Training Contraindication AUROC": 0.8513495277446976, "Training Contraindication AUPRC": 0.8333183163099328, "Training Indication AUROC": 0.7187097014235699, "Training Indication AUPRC": 0.7039049827746577, "Training Off-Label AUROC": 0.5972298233793057, "Training Off-Label AUPRC": 0.6050012380547916, "Training Rev-Contraindication AUROC": 0.720450602242805, "Training Rev-Contraindication AUPRC": 0.6997973346864035, "Training Rev-Indication AUROC": 0.7358926227445539, "Training Rev-Indication AUPRC": 0.7265953027267621, "Training Rev-Off-Label AUROC": 0.6870639421828919, "Training Rev-Off-Label AUPRC": 0.6707566406210683, "LR": 0.0005, "Validation Micro AUROC": 0.6600342030320929, "Validation Micro AUPRC": 0.6593739454972993, "Validation Macro AUROC": 0.6314967495390326, "Validation Macro AUPRC": 0.6293569089694672, "Validation Contraindication AUROC": 0.6906070378118685, "Validation Contraindication AUPRC": 0.6854240476471766, "Validation Indication AUROC": 0.6687980131928883, "Validation Indication AUPRC": 0.660957201572178, "Validation Off-Label AUROC": 0.5361021815798508, "Validation Off-Label AUPRC": 0.5565585467748151, "Validation Rev-Contraindication AUROC": 0.6552506917033728, "Validation Rev-Contraindication AUPRC": 0.6497271282381987, "Validation Rev-Indication AUROC": 0.6518020492422102, "Validation Rev-Indication AUPRC": 0.6621013844204724, "Validation Rev-Off-Label AUROC": 0.5864205237040043, "Validation Rev-Off-Label AUPRC": 0.5613731451639625, "Validation Loss": 0.6866284608840942, "Validation Relation Performance": {"_type": "table-file", "sha256": "41cd1546a4b9dc8f6c3430737f464431321090efe1aa95ff548b165bcbb2c4ce", "size": 441, "artifact_path": "wandb-client-artifact://qv2mr8l2t4pnhcl1kfmv0mqo5nz1djj5ndcpylindcrtx4w6ds4yzfgkhgsyf2z457wnsbbng5puup2pdkg43zq0ieuj96ywdbbm1aptrx308kdbai4etpucues8zbv6:latest/Validation Relation Performance.table.json", "_latest_artifact_path": "wandb-client-artifact://qv2mr8l2t4pnhcl1kfmv0mqo5nz1djj5ndcpylindcrtx4w6ds4yzfgkhgsyf2z457wnsbbng5puup2pdkg43zq0ieuj96ywdbbm1aptrx308kdbai4etpucues8zbv6:latest/Validation Relation Performance.table.json", "path": "media/table/Validation Relation Performance_327_41cd1546a4b9dc8f6c34.table.json", "ncols": 4, "nrows": 6}, "_wandb": {"runtime": 181}}