{"Pretraining Loss": 0.7069971561431885, "_timestamp": 1706377758.7319682, "_runtime": 42.690449237823486, "_step": 57, "Pretraining Micro AUROC": 0.5547041893005371, "Pretraining Micro AUPRC": 0.5420851159700679, "Pretraining Macro AUROC": 0.4752932144623299, "Pretraining Macro AUPRC": 0.5741484920115949, "Pretraining Contraindication AUROC": 0.5102040816326531, "Pretraining Contraindication AUPRC": 0.5036075036075036, "Pretraining Off-Label AUROC": 1.0, "Pretraining Off-Label AUPRC": 1.0, "Pretraining Rev-Contraindication AUROC": 0.25, "Pretraining Rev-Contraindication AUPRC": 0.5, "Pretraining LR": 0.001, "Pretraining Indication AUROC": 0.5, "Pretraining Indication AUPRC": 0.5833333333333333, "Pretraining Rev-Indication AUROC": 0.5555555555555556, "Pretraining Rev-Indication AUPRC": 0.7222222222222222, "_wandb": {"runtime": 42}}