{"Pretraining Loss": 0.6907477378845215, "_timestamp": 1706894957.9126358, "_runtime": 24.7823166847229, "_step": 2, "Pretraining Micro AUROC": 0.5218672752380371, "Pretraining Micro AUPRC": 0.5251558929747855, "Pretraining Macro AUROC": 0.504254931962087, "Pretraining Macro AUPRC": 0.6113469348171008, "Pretraining Contraindication AUROC": 0.5277777777777778, "Pretraining Contraindication AUPRC": 0.627946127946128, "Pretraining Indication AUROC": 0.0, "Pretraining Indication AUPRC": 0.5, "Pretraining Off-Label AUROC": 1.0, "Pretraining Off-Label AUPRC": 1.0, "Pretraining Rev-Contraindication AUROC": 0.3469387755102041, "Pretraining Rev-Contraindication AUPRC": 0.46771284271284264, "Pretraining Rev-Indication AUROC": 0.75, "Pretraining Rev-Indication AUPRC": 0.8333333333333333, "Pretraining LR": 0.001, "_wandb": {"runtime": 24}}