{"Pretraining Loss": 0.5360475778579712, "_timestamp": 1706434417.904355, "_runtime": 4354.005974054337, "_step": 7532, "Pretraining Micro AUROC": 0.7981820106506348, "Pretraining Micro AUPRC": 0.7704170484452373, "Pretraining Macro AUROC": 0.8409436419136174, "Pretraining Macro AUPRC": 0.8524212940828148, "Pretraining Contraindication AUROC": 1.0, "Pretraining Contraindication AUPRC": 1.0, "Pretraining Indication AUROC": 1.0, "Pretraining Indication AUPRC": 1.0, "Pretraining Rev-Contraindication AUROC": 0.625, "Pretraining Rev-Contraindication AUPRC": 0.7678571428571428, "Pretraining Rev-Indication AUROC": 1.0, "Pretraining Rev-Indication AUPRC": 1.0, "Pretraining LR": 0.001, "Pretraining Rev-Off-Label AUROC": 1.0, "Pretraining Rev-Off-Label AUPRC": 1.0, "Pretraining Off-Label AUROC": 1.0, "Pretraining Off-Label AUPRC": 1.0, "Training Loss": 0.36722227931022644, "Training Micro AUROC": 0.9152660435136798, "Training Micro AUPRC": 0.8985015353592867, "Training Macro AUROC": 0.9259147499103931, "Training Macro AUPRC": 0.9073235646499861, "Training Contraindication AUROC": 0.9285161697005712, "Training Contraindication AUPRC": 0.9084682683240066, "Training Indication AUROC": 0.956783955262544, "Training Indication AUPRC": 0.9460122743447053, "Training Off-Label AUROC": 0.9240748662951264, "Training Off-Label AUPRC": 0.9043808673742421, "Training Rev-Contraindication AUROC": 0.8571856129391224, "Training Rev-Contraindication AUPRC": 0.8374495249585566, "Training Rev-Indication AUROC": 0.958069621025452, "Training Rev-Indication AUPRC": 0.944618468012147, "Training Rev-Off-Label AUROC": 0.9308582742395433, "Training Rev-Off-Label AUPRC": 0.903011984886258, "LR": 0.00020480000000000004, "Validation Micro AUROC": 0.7845088476954978, "Validation Micro AUPRC": 0.7870970168919387, "Validation Macro AUROC": 0.8130919385942486, "Validation Macro AUPRC": 0.8046493128732095, "Validation Contraindication AUROC": 0.7644200864419581, "Validation Contraindication AUPRC": 0.7751677944576277, "Validation Indication AUROC": 0.8540037664853208, "Validation Indication AUPRC": 0.8391813682117304, "Validation Off-Label AUROC": 0.8118972566399301, "Validation Off-Label AUPRC": 0.8016068142075563, "Validation Rev-Contraindication AUROC": 0.7399353657527685, "Validation Rev-Contraindication AUPRC": 0.7441806302660021, "Validation Rev-Indication AUROC": 0.8728343404157956, "Validation Rev-Indication AUPRC": 0.8661388434371382, "Validation Rev-Off-Label AUROC": 0.8354608158297181, "Validation Rev-Off-Label AUPRC": 0.8016204266592017, "Validation Loss": 0.6250358819961548, "Validation Relation Performance": {"_type": "table-file", "sha256": "3b7e2c5846aafe2df69ce10f3e3b102784bd85bb7333b207dbf637efee56b7d3", "size": 442, "artifact_path": "wandb-client-artifact://r0ab97036uw6qtkye4767bdvh85p2ppzpjh7510v2ejnmzw0r9pp7u38k1bq0pzg6hgf6smz150uxg90sy8dcgtsyni9qldj4yiwetot2hny346jz3e849ri4ns6l7aq:latest/Validation Relation Performance.table.json", "_latest_artifact_path": "wandb-client-artifact://r0ab97036uw6qtkye4767bdvh85p2ppzpjh7510v2ejnmzw0r9pp7u38k1bq0pzg6hgf6smz150uxg90sy8dcgtsyni9qldj4yiwetot2hny346jz3e849ri4ns6l7aq:latest/Validation Relation Performance.table.json", "path": "media/table/Validation Relation Performance_7509_3b7e2c5846aafe2df69c.table.json", "ncols": 4, "nrows": 6}, "Testing Micro AUROC": 0.8268399866046738, "Testing Micro AUPRC": 0.8100625492600009, "Testing Macro AUROC": 0.8422942235574324, "Testing Macro AUPRC": 0.8219730233391936, "Testing Contraindication AUROC": 0.8292657397632579, "Testing Contraindication AUPRC": 0.7986732491479979, "Testing Indication AUROC": 0.883603197792387, "Testing Indication AUPRC": 0.8740171923282739, "Testing Off-Label AUROC": 0.8464023919753085, "Testing Off-Label AUPRC": 0.82173198446384, "Testing Rev-Contraindication AUROC": 0.7649495743581681, "Testing Rev-Contraindication AUPRC": 0.7531605362980424, "Testing Rev-Indication AUROC": 0.8825151164678191, "Testing Rev-Indication AUPRC": 0.8640495211016687, "Testing Rev-Off-Label AUROC": 0.8470293209876543, "Testing Rev-Off-Label AUPRC": 0.8202056566953394, "Testing Loss": 0.5179886221885681, "Testing Relation Performance": {"_type": "table-file", "sha256": "25f6dfd0c1f194c09bf23577f2d6a3f21310ed65e201d27d113453fa9d42f875", "size": 439, "artifact_path": "wandb-client-artifact://qga8ovcniynf2t8kr93vgrkwpjoonai6n5alrci2tksd402n50r9c2lnj8efserry6sjhpzcs3bqc5vxyooklxm7lc11fxbaocw51vhu0plyk5ahjgjs7tfpg20nslif:latest/Testing Relation Performance.table.json", "_latest_artifact_path": "wandb-client-artifact://qga8ovcniynf2t8kr93vgrkwpjoonai6n5alrci2tksd402n50r9c2lnj8efserry6sjhpzcs3bqc5vxyooklxm7lc11fxbaocw51vhu0plyk5ahjgjs7tfpg20nslif:latest/Testing Relation Performance.table.json", "path": "media/table/Testing Relation Performance_7532_25f6dfd0c1f194c09bf2.table.json", "ncols": 4, "nrows": 6}, "_wandb": {"runtime": 4353}}