{"Pretraining Loss": 0.5371167659759521, "_timestamp": 1706216664.6691844, "_runtime": 12596.405578374863, "_step": 7532, "Pretraining Micro AUROC": 0.8018035888671875, "Pretraining Micro AUPRC": 0.7848460311939615, "Pretraining Macro AUROC": 0.8268411820465631, "Pretraining Macro AUPRC": 0.8413401808424641, "Pretraining Contraindication AUROC": 0.75, "Pretraining Contraindication AUPRC": 0.7884920634920635, "Pretraining Indication AUROC": 1.0, "Pretraining Indication AUPRC": 1.0, "Pretraining Rev-Contraindication AUROC": 0.68, "Pretraining Rev-Contraindication AUPRC": 0.7592857142857143, "Pretraining Rev-Indication AUROC": 1.0, "Pretraining Rev-Indication AUPRC": 1.0, "Pretraining Rev-Off-Label AUROC": 0.0, "Pretraining Rev-Off-Label AUPRC": 0.5, "Pretraining LR": 0.001, "Pretraining Off-Label AUROC": 1.0, "Pretraining Off-Label AUPRC": 1.0, "Training Loss": 0.36602288484573364, "Training Micro AUROC": 0.913953743082949, "Training Micro AUPRC": 0.8969678292301062, "Training Macro AUROC": 0.925700039586229, "Training Macro AUPRC": 0.9071097588836828, "Training Contraindication AUROC": 0.9250358631190537, "Training Contraindication AUPRC": 0.9031931172905869, "Training Indication AUROC": 0.9562676916624988, "Training Indication AUPRC": 0.9458854979247245, "Training Off-Label AUROC": 0.9252695021762898, "Training Off-Label AUPRC": 0.9016225460710745, "Training Rev-Contraindication AUROC": 0.8534816009937057, "Training Rev-Contraindication AUPRC": 0.8306363212769917, "Training Rev-Indication AUROC": 0.9610288481660867, "Training Rev-Indication AUPRC": 0.9503000909459697, "Training Rev-Off-Label AUROC": 0.933116731399739, "Training Rev-Off-Label AUPRC": 0.9110209797927504, "LR": 0.0005, "Validation Micro AUROC": 0.7788272193673795, "Validation Micro AUPRC": 0.7797974331387709, "Validation Macro AUROC": 0.8028276024049141, "Validation Macro AUPRC": 0.7948118002850934, "Validation Contraindication AUROC": 0.7820165482063187, "Validation Contraindication AUPRC": 0.7897652527684058, "Validation Indication AUROC": 0.8671494170033636, "Validation Indication AUPRC": 0.8576776545603821, "Validation Off-Label AUROC": 0.8030553780131482, "Validation Off-Label AUPRC": 0.7843386270776812, "Validation Rev-Contraindication AUROC": 0.7406311877307982, "Validation Rev-Contraindication AUPRC": 0.7295115301659043, "Validation Rev-Indication AUROC": 0.8439987208023721, "Validation Rev-Indication AUPRC": 0.851416875325633, "Validation Rev-Off-Label AUROC": 0.7801143626734843, "Validation Rev-Off-Label AUPRC": 0.7561608618125535, "Validation Loss": 0.6155530214309692, "Validation Relation Performance": {"_type": "table-file", "sha256": "8bdcfa50a9eca818c8981a3d16fd1e3fd43f28693dee4a25240a6a9b7fb1710e", "size": 441, "artifact_path": "wandb-client-artifact://xtgysqirxufe7rkfwm2b9tzet6hwvq5jzzmdxjzwe0fjv2eiosmwwfpd6vrr1ooyrf0ixz0knqg0w0ra9v4ibxwr4agea2ux7t1gs7v5cx70y7dxbiq1l4pay1nj0xob:latest/Validation Relation Performance.table.json", "_latest_artifact_path": "wandb-client-artifact://xtgysqirxufe7rkfwm2b9tzet6hwvq5jzzmdxjzwe0fjv2eiosmwwfpd6vrr1ooyrf0ixz0knqg0w0ra9v4ibxwr4agea2ux7t1gs7v5cx70y7dxbiq1l4pay1nj0xob:latest/Validation Relation Performance.table.json", "path": "media/table/Validation Relation Performance_7508_8bdcfa50a9eca818c898.table.json", "ncols": 4, "nrows": 6}, "Testing Micro AUROC": 0.7733590632220122, "Testing Micro AUPRC": 0.7555926786392755, "Testing Macro AUROC": 0.7791907061145705, "Testing Macro AUPRC": 0.7570660781756805, "Testing Contraindication AUROC": 0.7738734903447713, "Testing Contraindication AUPRC": 0.7565206778952326, "Testing Indication AUROC": 0.8712554976103266, "Testing Indication AUPRC": 0.8510037958385981, "Testing Off-Label AUROC": 0.7757045850609939, "Testing Off-Label AUPRC": 0.7243439622205231, "Testing Rev-Contraindication AUROC": 0.6567236478004937, "Testing Rev-Contraindication AUPRC": 0.650173595822868, "Testing Rev-Indication AUROC": 0.8408416279734754, "Testing Rev-Indication AUPRC": 0.8234798516873989, "Testing Rev-Off-Label AUROC": 0.7567453878973619, "Testing Rev-Off-Label AUPRC": 0.736874585589462, "Testing Loss": 0.5977978706359863, "Testing Relation Performance": {"_type": "table-file", "sha256": "6661861da0e7960dd2ce46b31f5796412f4533ed95071bfc0d228708ed09f271", "size": 440, "artifact_path": "wandb-client-artifact://jmxzfgkbmz0f1tqoluvzmibcyk2ci688v7l0ueul7ajwb49lk74zxdkf8zsi6qbx9rgiha04e1n6c9bjjlvid6ypena411xuts2f9j8hv48dkq4hlf7em16gkjf3v5x0:latest/Testing Relation Performance.table.json", "_latest_artifact_path": "wandb-client-artifact://jmxzfgkbmz0f1tqoluvzmibcyk2ci688v7l0ueul7ajwb49lk74zxdkf8zsi6qbx9rgiha04e1n6c9bjjlvid6ypena411xuts2f9j8hv48dkq4hlf7em16gkjf3v5x0:latest/Testing Relation Performance.table.json", "path": "media/table/Testing Relation Performance_7531_6661861da0e7960dd2ce.table.json", "ncols": 4, "nrows": 6}, "disease_centric_evaluation_rev_contraindication": {"_type": "table-file", "sha256": "aad72d0b792f1d1fb89f7ca6bebce63866c993aad179d85573a1e9f4432dff45", "size": 2447, "artifact_path": "wandb-client-artifact://ok99usobsp1oo4p0jjxht1ufgzalnimjqthg1ayxzmmfhh5x06hxds6atagb2vra5d6cffrs3dkn14y61lwkun2qsyt6apxwq48uehx36q2y18m7gfuzq4uws51wpmqu:latest/disease_centric_evaluation_rev_contraindication.table.json", "_latest_artifact_path": "wandb-client-artifact://ok99usobsp1oo4p0jjxht1ufgzalnimjqthg1ayxzmmfhh5x06hxds6atagb2vra5d6cffrs3dkn14y61lwkun2qsyt6apxwq48uehx36q2y18m7gfuzq4uws51wpmqu:latest/disease_centric_evaluation_rev_contraindication.table.json", "path": "media/table/disease_centric_evaluation_rev_contraindication_7532_aad72d0b792f1d1fb89f.table.json", "ncols": 4, "nrows": 42}, "disease_centric_evaluation_rev_indication": {"_type": "table-file", "sha256": "396dcb9bb9d08bc34f095a445b61f9e2dc0ef575964418ab21eb967aeab4dab6", "size": 2474, "artifact_path": "wandb-client-artifact://n8sqrn1xvjh8axc3on833jl3qg9es1e9pjarpytgzp780arqi1qkcer4q7qp0kub5e3hapqewrd5eqlgf2spos7jjrm98emjqu6q954oho3j78c42tsczbdco359nkx7:latest/disease_centric_evaluation_rev_indication.table.json", "_latest_artifact_path": "wandb-client-artifact://n8sqrn1xvjh8axc3on833jl3qg9es1e9pjarpytgzp780arqi1qkcer4q7qp0kub5e3hapqewrd5eqlgf2spos7jjrm98emjqu6q954oho3j78c42tsczbdco359nkx7:latest/disease_centric_evaluation_rev_indication.table.json", "path": "media/table/disease_centric_evaluation_rev_indication_7532_396dcb9bb9d08bc34f09.table.json", "ncols": 4, "nrows": 42}, "disease_centric_evaluation_rev_off-label use": {"_type": "table-file", "sha256": "ad92db64f3895e08cd6715ba58cc0433bc2ff6ee0e271986e8aa5c8d3502b79e", "size": 2503, "artifact_path": "wandb-client-artifact://we2xt7wamxp1fctyav4af9q2emewveyv6eq469meeemz95wksdds641ze022aue38nwjjo7tkrkikc1bhs028lg6zbz4uiq5qpavtal0z7xribm3tn0rphmyabcfmosi:latest/disease_centric_evaluation_rev_off-label use.table.json", "_latest_artifact_path": "wandb-client-artifact://we2xt7wamxp1fctyav4af9q2emewveyv6eq469meeemz95wksdds641ze022aue38nwjjo7tkrkikc1bhs028lg6zbz4uiq5qpavtal0z7xribm3tn0rphmyabcfmosi:latest/disease_centric_evaluation_rev_off-label use.table.json", "path": "media/table/disease_centric_evaluation_rev_off-label use_7532_ad92db64f3895e08cd67.table.json", "ncols": 4, "nrows": 42}, "_wandb": {"runtime": 12599}}