{"Pretraining Loss": 0.5466938614845276, "_timestamp": 1706353288.22908, "_runtime": 6715.58967590332, "_step": 7532, "Pretraining Micro AUROC": 0.7830352783203125, "Pretraining Micro AUPRC": 0.7491722384492743, "Pretraining Macro AUROC": 0.7909026179960731, "Pretraining Macro AUPRC": 0.8192827812629684, "Pretraining Contraindication AUROC": 1.0, "Pretraining Contraindication AUPRC": 1.0, "Pretraining Off-Label AUROC": 1.0, "Pretraining Off-Label AUPRC": 1.0, "Pretraining Rev-Contraindication AUROC": 0.4375, "Pretraining Rev-Contraindication AUPRC": 0.5011904761904762, "Pretraining Rev-Indication AUROC": 1.0, "Pretraining Rev-Indication AUPRC": 1.0, "Pretraining LR": 0.001, "Pretraining Indication AUROC": 0.888888888888889, "Pretraining Indication AUPRC": 0.9166666666666665, "Pretraining Rev-Off-Label AUROC": 0.0, "Pretraining Rev-Off-Label AUPRC": 0.5, "Training Loss": 0.37099799513816833, "Training Micro AUROC": 0.9120612137103354, "Training Micro AUPRC": 0.8936357450510632, "Training Macro AUROC": 0.9238359312326548, "Training Macro AUPRC": 0.9035782268707577, "Training Contraindication AUROC": 0.9243730569012907, "Training Contraindication AUPRC": 0.9005886025340435, "Training Indication AUROC": 0.9546428832903059, "Training Indication AUPRC": 0.9431670988203074, "Training Off-Label AUROC": 0.9194894943158444, "Training Off-Label AUPRC": 0.8948026992507758, "Training Rev-Contraindication AUROC": 0.851690702857335, "Training Rev-Contraindication AUPRC": 0.829217666498217, "Training Rev-Indication AUROC": 0.9597675911890127, "Training Rev-Indication AUPRC": 0.9462323751304937, "Training Rev-Off-Label AUROC": 0.9330518588421397, "Training Rev-Off-Label AUPRC": 0.9074609189907092, "LR": 0.0005, "Validation Micro AUROC": 0.7833647241728181, "Validation Micro AUPRC": 0.7819374268896516, "Validation Macro AUROC": 0.8074738282626545, "Validation Macro AUPRC": 0.796777761115322, "Validation Contraindication AUROC": 0.7719388559608946, "Validation Contraindication AUPRC": 0.7780313903040842, "Validation Indication AUROC": 0.8498361773416173, "Validation Indication AUPRC": 0.8438376518439369, "Validation Off-Label AUROC": 0.7888720701601074, "Validation Off-Label AUPRC": 0.772294215261202, "Validation Rev-Contraindication AUROC": 0.7384423395637464, "Validation Rev-Contraindication AUPRC": 0.7332504256484768, "Validation Rev-Indication AUROC": 0.8663240455720639, "Validation Rev-Indication AUPRC": 0.8534173416863958, "Validation Rev-Off-Label AUROC": 0.8294294809774975, "Validation Rev-Off-Label AUPRC": 0.7998355419478355, "Validation Loss": 0.6119455695152283, "Validation Relation Performance": {"_type": "table-file", "sha256": "d99cead337c0d909bb610ea1c1673506a3bcf7bba269e1972eb4e528571533d7", "size": 441, "artifact_path": "wandb-client-artifact://b1n2w09l0ta8ddwicy5rmcsb41f1buv1a503uxh6ch98t2hgv3mdeg9xn0wzh18ihgxii4mckphyg90649dy6n2byg5hwsssm9f57jvz1lqnsg9q21d60w042f4fruik:latest/Validation Relation Performance.table.json", "_latest_artifact_path": "wandb-client-artifact://b1n2w09l0ta8ddwicy5rmcsb41f1buv1a503uxh6ch98t2hgv3mdeg9xn0wzh18ihgxii4mckphyg90649dy6n2byg5hwsssm9f57jvz1lqnsg9q21d60w042f4fruik:latest/Validation Relation Performance.table.json", "path": "media/table/Validation Relation Performance_7509_d99cead337c0d909bb61.table.json", "ncols": 4, "nrows": 6}, "Testing Micro AUROC": 0.8109049291170162, "Testing Micro AUPRC": 0.7838417058223406, "Testing Macro AUROC": 0.8249027292028582, "Testing Macro AUPRC": 0.7902077593216754, "Testing Contraindication AUROC": 0.8160800521102402, "Testing Contraindication AUPRC": 0.7722786996305637, "Testing Indication AUROC": 0.8657272137001867, "Testing Indication AUPRC": 0.8437354777228849, "Testing Off-Label AUROC": 0.8242187500000001, "Testing Off-Label AUPRC": 0.7972595293623488, "Testing Rev-Contraindication AUROC": 0.7546263561016149, "Testing Rev-Contraindication AUPRC": 0.7387563108317683, "Testing Rev-Indication AUROC": 0.8715379230581933, "Testing Rev-Indication AUPRC": 0.8477706284438784, "Testing Rev-Off-Label AUROC": 0.8172260802469136, "Testing Rev-Off-Label AUPRC": 0.7414459099386081, "Testing Loss": 0.5406681299209595, "Testing Relation Performance": {"_type": "table-file", "sha256": "cdfad3345603a476ffa8bdd997f94020ed49693d5a3a8b58ff7b07792d36a22b", "size": 442, "artifact_path": "wandb-client-artifact://l6manmknqktbzw26faz596yfcu675h8zd94uleyg262z2cxw3xtbaedltvrphuksyoevy35uovq43xr8rgza12h584s6o9euas83egnj795gdn8cgp5tuq5a43po4elg:latest/Testing Relation Performance.table.json", "_latest_artifact_path": "wandb-client-artifact://l6manmknqktbzw26faz596yfcu675h8zd94uleyg262z2cxw3xtbaedltvrphuksyoevy35uovq43xr8rgza12h584s6o9euas83egnj795gdn8cgp5tuq5a43po4elg:latest/Testing Relation Performance.table.json", "path": "media/table/Testing Relation Performance_7532_cdfad3345603a476ffa8.table.json", "ncols": 4, "nrows": 6}, "_wandb": {"runtime": 6715}}