{"Pretraining Loss": 0.5860005617141724, "_timestamp": 1706375919.1408308, "_runtime": 645.8768067359924, "_step": 1089, "Pretraining Micro AUROC": 0.752953052520752, "Pretraining Micro AUPRC": 0.7161456249133341, "Pretraining Macro AUROC": 0.7329577367839719, "Pretraining Macro AUPRC": 0.7798640436137594, "Pretraining Contraindication AUROC": 0.7200000000000001, "Pretraining Contraindication AUPRC": 0.7544444444444445, "Pretraining Indication AUROC": 0.5, "Pretraining Indication AUPRC": 0.5833333333333333, "Pretraining Rev-Contraindication AUROC": 0.75, "Pretraining Rev-Contraindication AUPRC": 0.6791666666666667, "Pretraining Rev-Indication AUROC": 0.875, "Pretraining Rev-Indication AUPRC": 0.8875, "Pretraining Rev-Off-Label AUROC": 0.0, "Pretraining Rev-Off-Label AUPRC": 0.5, "Pretraining LR": 0.001, "Pretraining Off-Label AUROC": 1.0, "Pretraining Off-Label AUPRC": 1.0, "_wandb": {"runtime": 645}}