{"Pretraining Loss": 0.564278781414032, "_timestamp": 1705494570.375543, "_runtime": 20641.250578165054, "_step": 2605, "Pretraining Micro AUROC": 0.752204418182373, "Pretraining Micro AUPRC": 0.7239218576400721, "Pretraining Macro AUROC": 0.7427984904066457, "Pretraining Macro AUPRC": 0.8052320408547011, "Pretraining Contraindication AUROC": 0.9600000000000001, "Pretraining Contraindication AUPRC": 0.9666666666666666, "Pretraining Indication AUROC": 1.0, "Pretraining Indication AUPRC": 1.0, "Pretraining Off-Label AUROC": 1.0, "Pretraining Off-Label AUPRC": 1.0, "Pretraining Rev-Contraindication AUROC": 0.8979591836734693, "Pretraining Rev-Contraindication AUPRC": 0.9129251700680272, "Pretraining Rev-Indication AUROC": 1.0, "Pretraining Rev-Indication AUPRC": 1.0, "Pretraining LR": 0.001, "Pretraining Rev-Off-Label AUROC": 1.0, "Pretraining Rev-Off-Label AUPRC": 1.0}