{"Pretraining Loss": 0.5385809540748596, "_timestamp": 1706200966.1985588, "_runtime": 66068.93908190727, "_step": 7530, "Pretraining Micro AUROC": 0.7863349914550781, "Pretraining Micro AUPRC": 0.7617163303810537, "Pretraining Macro AUROC": 0.8662801502321438, "Pretraining Macro AUPRC": 0.8781873000585678, "Pretraining Contraindication AUROC": 0.75, "Pretraining Contraindication AUPRC": 0.7708333333333333, "Pretraining Indication AUROC": 1.0, "Pretraining Indication AUPRC": 1.0, "Pretraining Rev-Contraindication AUROC": 0.7551020408163265, "Pretraining Rev-Contraindication AUPRC": 0.7726190476190475, "Pretraining Rev-Indication AUROC": 0.888888888888889, "Pretraining Rev-Indication AUPRC": 0.9166666666666665, "Pretraining LR": 0.001, "Pretraining Rev-Off-Label AUROC": 1.0, "Pretraining Rev-Off-Label AUPRC": 1.0, "Pretraining Off-Label AUROC": 1.0, "Pretraining Off-Label AUPRC": 1.0, "Training Loss": 0.377035528421402, "Training Micro AUROC": 0.9080098620582847, "Training Micro AUPRC": 0.8903077176533035, "Training Macro AUROC": 0.9204387731083282, "Training Macro AUPRC": 0.9014270887281691, "Training Contraindication AUROC": 0.9180780431737176, "Training Contraindication AUPRC": 0.8953372071403352, "Training Indication AUROC": 0.9560571069102878, "Training Indication AUPRC": 0.9436705017131728, "Training Off-Label AUROC": 0.914648190000414, "Training Off-Label AUPRC": 0.8902601294758318, "Training Rev-Contraindication AUROC": 0.8465820045947821, "Training Rev-Contraindication AUPRC": 0.8234232401967139, "Training Rev-Indication AUROC": 0.9561297654467719, "Training Rev-Indication AUPRC": 0.9446224069875306, "Training Rev-Off-Label AUROC": 0.9311375285239959, "Training Rev-Off-Label AUPRC": 0.9112490468554308, "LR": 0.0005, "Validation Micro AUROC": 0.7664746150822186, "Validation Micro AUPRC": 0.77619774047155, "Validation Macro AUROC": 0.8153533813269641, "Validation Macro AUPRC": 0.8106680386433863, "Validation Contraindication AUROC": 0.7070197155035638, "Validation Contraindication AUPRC": 0.7444210483437859, "Validation Indication AUROC": 0.8567749148113275, "Validation Indication AUPRC": 0.838378554734847, "Validation Off-Label AUROC": 0.8503706136235691, "Validation Off-Label AUPRC": 0.8268508387677664, "Validation Rev-Contraindication AUROC": 0.7493171875342184, "Validation Rev-Contraindication AUPRC": 0.7355063377184579, "Validation Rev-Indication AUROC": 0.8867174680484969, "Validation Rev-Indication AUPRC": 0.8784251587274039, "Validation Rev-Off-Label AUROC": 0.841920388440608, "Validation Rev-Off-Label AUPRC": 0.840426293568056, "Validation Loss": 0.7048951983451843, "Validation Relation Performance": {"_type": "table-file", "sha256": "703a7f130ac9205b9c8bed51b2444f465279da94dddb051d97360c20920ef0aa", "size": 439, "artifact_path": "wandb-client-artifact://yo7v88geto25fz6se7d90nmzgoasabokj7zdb9hgbxu5vxr1znr6nyypq5w17uzhwxem3vvcz3m86yey875dsheyx4d5d8u7olo2smhqyky41n7u8prod9n4mjtf0yln:latest/Validation Relation Performance.table.json", "_latest_artifact_path": "wandb-client-artifact://yo7v88geto25fz6se7d90nmzgoasabokj7zdb9hgbxu5vxr1znr6nyypq5w17uzhwxem3vvcz3m86yey875dsheyx4d5d8u7olo2smhqyky41n7u8prod9n4mjtf0yln:latest/Validation Relation Performance.table.json", "path": "media/table/Validation Relation Performance_7508_703a7f130ac9205b9c8b.table.json", "ncols": 4, "nrows": 6}}