{"Pretraining Loss": 0.5598716139793396, "_timestamp": 1705666820.7184665, "_runtime": 20866.550443410873, "_step": 1674, "Pretraining Micro AUROC": 0.7617230415344238, "Pretraining Micro AUPRC": 0.7280277490593594, "Pretraining Macro AUROC": 0.7260695706457806, "Pretraining Macro AUPRC": 0.7810107405165738, "Pretraining Contraindication AUROC": 0.6799999999999999, "Pretraining Contraindication AUPRC": 0.6416666666666666, "Pretraining Off-Label AUROC": 0.0, "Pretraining Off-Label AUPRC": 0.5, "Pretraining Rev-Contraindication AUROC": 0.6938775510204082, "Pretraining Rev-Contraindication AUPRC": 0.8278388278388278, "Pretraining LR": 0.001, "Pretraining Indication AUROC": 0.0, "Pretraining Indication AUPRC": 0.5, "Pretraining Rev-Indication AUROC": 0.4444444444444445, "Pretraining Rev-Indication AUPRC": 0.5333333333333333, "Pretraining Rev-Off-Label AUROC": 0.75, "Pretraining Rev-Off-Label AUPRC": 0.8333333333333333}