{"Pretraining Loss": 0.5326448082923889, "_timestamp": 1706067479.377432, "_runtime": 23054.850218057632, "_step": 7533, "Pretraining Micro AUROC": 0.7998647689819336, "Pretraining Micro AUPRC": 0.7652001266975269, "Pretraining Macro AUROC": 0.8076588691890582, "Pretraining Macro AUPRC": 0.8362527736634786, "Pretraining Contraindication AUROC": 1.0, "Pretraining Contraindication AUPRC": 1.0, "Pretraining Rev-Contraindication AUROC": 0.0, "Pretraining Rev-Contraindication AUPRC": 0.41666666666666663, "Pretraining Rev-Indication AUROC": 1.0, "Pretraining Rev-Indication AUPRC": 1.0, "Pretraining LR": 0.001, "Pretraining Indication AUROC": 1.0, "Pretraining Indication AUPRC": 1.0, "Pretraining Off-Label AUROC": 0.0, "Pretraining Off-Label AUPRC": 0.5, "Pretraining Rev-Off-Label AUROC": 1.0, "Pretraining Rev-Off-Label AUPRC": 1.0, "Training Loss": 0.3741161525249481, "Training Micro AUROC": 0.9101365609078123, "Training Micro AUPRC": 0.8914205402533764, "Training Macro AUROC": 0.9215139797175517, "Training Macro AUPRC": 0.902320350153866, "Training Contraindication AUROC": 0.9214077502054487, "Training Contraindication AUPRC": 0.8959376855462203, "Training Indication AUROC": 0.9551133899112685, "Training Indication AUPRC": 0.9434531675357545, "Training Off-Label AUROC": 0.9156662424596262, "Training Off-Label AUPRC": 0.8937427889612501, "Training Rev-Contraindication AUROC": 0.8485127631547738, "Training Rev-Contraindication AUPRC": 0.825249832759178, "Training Rev-Indication AUROC": 0.9595584424624964, "Training Rev-Indication AUPRC": 0.9464598005904321, "Training Rev-Off-Label AUROC": 0.9288252901116965, "Training Rev-Off-Label AUPRC": 0.9090788255303619, "LR": 0.0004, "Validation Micro AUROC": 0.7828734447588036, "Validation Micro AUPRC": 0.7823538900055034, "Validation Macro AUROC": 0.8086023055180753, "Validation Macro AUPRC": 0.7993937738878644, "Validation Contraindication AUROC": 0.7649451823144674, "Validation Contraindication AUPRC": 0.7711528632210423, "Validation Indication AUROC": 0.8566271522277009, "Validation Indication AUPRC": 0.8523794809747185, "Validation Off-Label AUROC": 0.799132361661621, "Validation Off-Label AUPRC": 0.7904436562886963, "Validation Rev-Contraindication AUROC": 0.7368489694226401, "Validation Rev-Contraindication AUPRC": 0.7333298124079671, "Validation Rev-Indication AUROC": 0.8715671117097306, "Validation Rev-Indication AUPRC": 0.857141335899958, "Validation Rev-Off-Label AUROC": 0.8224930557722917, "Validation Rev-Off-Label AUPRC": 0.7919154945348044, "Validation Loss": 0.6189510226249695, "Validation Relation Performance": {"_type": "table-file", "sha256": "aaf93114db7f2b0b42f467e7cc34e7e5ddfd2202b0925a1eeed2b52c197277a0", "size": 440, "artifact_path": "wandb-client-artifact://qsteqcnhololgpagjkts0pvuiwzsb3wx8m8b1a7ngupt0u5mvrbuu9z4b1vzfmosysdara2y0bj7rgb3e34uozgoytexuh5phw2zxyhm40wq37qzn5ljroj7ort8q3uc:latest/Validation Relation Performance.table.json", "_latest_artifact_path": "wandb-client-artifact://qsteqcnhololgpagjkts0pvuiwzsb3wx8m8b1a7ngupt0u5mvrbuu9z4b1vzfmosysdara2y0bj7rgb3e34uozgoytexuh5phw2zxyhm40wq37qzn5ljroj7ort8q3uc:latest/Validation Relation Performance.table.json", "path": "media/table/Validation Relation Performance_7509_aaf93114db7f2b0b42f4.table.json", "ncols": 4, "nrows": 6}, "Testing Micro AUROC": 0.814412218938013, "Testing Micro AUPRC": 0.7880206756446207, "Testing Macro AUROC": 0.8274179781941976, "Testing Macro AUPRC": 0.7908431480180772, "Testing Contraindication AUROC": 0.8139848610767951, "Testing Contraindication AUPRC": 0.7630469657452674, "Testing Indication AUROC": 0.8730673240808376, "Testing Indication AUPRC": 0.8489577857818986, "Testing Off-Label AUROC": 0.8312114197530865, "Testing Off-Label AUPRC": 0.7887279113645432, "Testing Rev-Contraindication AUROC": 0.7527836301969856, "Testing Rev-Contraindication AUPRC": 0.7360842828604033, "Testing Rev-Indication AUROC": 0.8771026093661228, "Testing Rev-Indication AUPRC": 0.8634960217042729, "Testing Rev-Off-Label AUROC": 0.816358024691358, "Testing Rev-Off-Label AUPRC": 0.7447459206520781, "Testing Loss": 0.5369435548782349, "Testing Relation Performance": {"_type": "table-file", "sha256": "a868312eb054130ce8983b22a92c63d79fb053dbf4ea8f796a7b6588efd12d1b", "size": 441, "artifact_path": "wandb-client-artifact://utryijz48ty4dmco1w953wwmqjs6wq5dbpt0fecdjx7w4zgh063lle2q5et6c4lmextjp18ld5z3bnxgvijk1674r52684ie6q9uvh9fjxpnqiak6xh8w44kqsvr0fao:latest/Testing Relation Performance.table.json", "_latest_artifact_path": "wandb-client-artifact://utryijz48ty4dmco1w953wwmqjs6wq5dbpt0fecdjx7w4zgh063lle2q5et6c4lmextjp18ld5z3bnxgvijk1674r52684ie6q9uvh9fjxpnqiak6xh8w44kqsvr0fao:latest/Testing Relation Performance.table.json", "path": "media/table/Testing Relation Performance_7532_a868312eb054130ce898.table.json", "ncols": 4, "nrows": 6}, "disease_centric_evaluation_rev_contraindication": {"_type": "table-file", "sha256": "b7a92132c9dc508ab75556869749d4bd765b3cc331628a5356a94e69c4756143", "size": 2502, "artifact_path": "wandb-client-artifact://k0lobs5c5lobn26bdkmocz9yxweyv6if6cgwwgttdr1sfafzl5uel6g928cwvupvl5jjw9mgotk8yzr2ynepa0s222ay7k714vcig1nfvv960ygefweqo440m8kka5yj:latest/disease_centric_evaluation_rev_contraindication.table.json", "_latest_artifact_path": "wandb-client-artifact://k0lobs5c5lobn26bdkmocz9yxweyv6if6cgwwgttdr1sfafzl5uel6g928cwvupvl5jjw9mgotk8yzr2ynepa0s222ay7k714vcig1nfvv960ygefweqo440m8kka5yj:latest/disease_centric_evaluation_rev_contraindication.table.json", "path": "media/table/disease_centric_evaluation_rev_contraindication_7533_b7a92132c9dc508ab755.table.json", "ncols": 4, "nrows": 42}, "disease_centric_evaluation_rev_indication": {"_type": "table-file", "sha256": "d05ed663de925249a0c3bc2de3840bfb20e5694aacf184b6884c807a2c8951b7", "size": 2502, "artifact_path": "wandb-client-artifact://06f8pydx957bsh421v7fiukzi7x0mh6cx8qgy4f2h6noa4z3cg7m1do6m5mcpzn32ra7e7735zfxacwb1c4x2fmertitve9me5i0b5rmz7ai2rfdibwapn0sg1ewq6a7:latest/disease_centric_evaluation_rev_indication.table.json", "_latest_artifact_path": "wandb-client-artifact://06f8pydx957bsh421v7fiukzi7x0mh6cx8qgy4f2h6noa4z3cg7m1do6m5mcpzn32ra7e7735zfxacwb1c4x2fmertitve9me5i0b5rmz7ai2rfdibwapn0sg1ewq6a7:latest/disease_centric_evaluation_rev_indication.table.json", "path": "media/table/disease_centric_evaluation_rev_indication_7533_d05ed663de925249a0c3.table.json", "ncols": 4, "nrows": 42}, "disease_centric_evaluation_rev_off-label use": {"_type": "table-file", "sha256": "25bac0d690a9ae461a2d0d8b152d31a3ace3b3c877350c5e135b0cdd6c1c16dc", "size": 2503, "artifact_path": "wandb-client-artifact://04e0wcbluugkbnv613gpbavhw41jwcsggfcar3cjnrogtqin0u2vys44r27llu7bput50737v0xm5hystyrvs9bnf6vo4fzewc2fohnd262024597g2s3y70vcw4o9a7:latest/disease_centric_evaluation_rev_off-label use.table.json", "_latest_artifact_path": "wandb-client-artifact://04e0wcbluugkbnv613gpbavhw41jwcsggfcar3cjnrogtqin0u2vys44r27llu7bput50737v0xm5hystyrvs9bnf6vo4fzewc2fohnd262024597g2s3y70vcw4o9a7:latest/disease_centric_evaluation_rev_off-label use.table.json", "path": "media/table/disease_centric_evaluation_rev_off-label use_7533_25bac0d690a9ae461a2d.table.json", "ncols": 4, "nrows": 42}, "_wandb": {"runtime": 23058}}