{"Training Loss": 0.679420530796051, "_timestamp": 1706303030.5503101, "_runtime": 177.27627325057983, "_step": 26, "Training Micro AUROC": 0.5994108375611796, "Training Micro AUPRC": 0.599478036381128, "Training Macro AUROC": 0.5903771994340197, "Training Macro AUPRC": 0.5827390535743695, "Training Contraindication AUROC": 0.622746241428895, "Training Contraindication AUPRC": 0.6225463150198038, "Training Indication AUROC": 0.625672868155648, "Training Indication AUPRC": 0.6031144954024272, "Training Off-Label AUROC": 0.5303437670147476, "Training Off-Label AUPRC": 0.5303186298962936, "Training Rev-Contraindication AUROC": 0.5744054907082367, "Training Rev-Contraindication AUPRC": 0.5613451087335699, "Training Rev-Indication AUROC": 0.6470178563355725, "Training Rev-Indication AUPRC": 0.6359953616423089, "Training Rev-Off-Label AUROC": 0.5420769729610182, "Training Rev-Off-Label AUPRC": 0.5431144107518135, "LR": 0.0005, "Validation Micro AUROC": 0.5247819646634637, "Validation Micro AUPRC": 0.5242725156176586, "Validation Macro AUROC": 0.5150470787852308, "Validation Macro AUPRC": 0.5122591346997359, "Validation Contraindication AUROC": 0.5512178111170792, "Validation Contraindication AUPRC": 0.5417642128535937, "Validation Indication AUROC": 0.5235479439492146, "Validation Indication AUPRC": 0.5127045363334037, "Validation Off-Label AUROC": 0.4713179988140196, "Validation Off-Label AUPRC": 0.47667192988561374, "Validation Rev-Contraindication AUROC": 0.549224423699199, "Validation Rev-Contraindication AUPRC": 0.5442740892228657, "Validation Rev-Indication AUROC": 0.5025349205805167, "Validation Rev-Indication AUPRC": 0.5054865980185346, "Validation Rev-Off-Label AUROC": 0.49243937455135606, "Validation Rev-Off-Label AUPRC": 0.4926534418844045, "Validation Loss": 0.6927394270896912, "Validation Relation Performance": {"_type": "table-file", "sha256": "65c2bdc829d7c81b06200343365dcb6176ed9ca4f37a678237214ff3e235bb45", "size": 443, "artifact_path": "wandb-client-artifact://zf31o8d4alrb8fg1ohaoua9vc22rggb6d5mst4qdc7lchzqg0a7q3sddu8hdpupt729iy7kp2pxmz48rqcyywfv69wd7rb3e3pslflai4msxte6crjkey56kfdrrxqrk:latest/Validation Relation Performance.table.json", "_latest_artifact_path": "wandb-client-artifact://zf31o8d4alrb8fg1ohaoua9vc22rggb6d5mst4qdc7lchzqg0a7q3sddu8hdpupt729iy7kp2pxmz48rqcyywfv69wd7rb3e3pslflai4msxte6crjkey56kfdrrxqrk:latest/Validation Relation Performance.table.json", "path": "media/table/Validation Relation Performance_2_65c2bdc829d7c81b0620.table.json", "ncols": 4, "nrows": 6}, "_wandb": {"runtime": 221}}