{"Training Loss": 0.4900285601615906, "_timestamp": 1706342469.1143234, "_runtime": 10320.204072475433, "_step": 625, "Training Micro AUROC": 0.8424301030013063, "Training Micro AUPRC": 0.820386971826378, "Training Macro AUROC": 0.8350769700274033, "Training Macro AUPRC": 0.8087740309137499, "Training Contraindication AUROC": 0.8752769747959945, "Training Contraindication AUPRC": 0.8530972184080512, "Training Indication AUROC": 0.8937852446889674, "Training Indication AUPRC": 0.8691302763414126, "Training Off-Label AUROC": 0.7721520885324467, "Training Off-Label AUPRC": 0.7588389461175595, "Training Rev-Contraindication AUROC": 0.7675958696206016, "Training Rev-Contraindication AUPRC": 0.7379446962731909, "Training Rev-Indication AUROC": 0.8888834479334572, "Training Rev-Indication AUPRC": 0.86601895645816, "Training Rev-Off-Label AUROC": 0.8127681945929534, "Training Rev-Off-Label AUPRC": 0.767614091884125, "LR": 0.00016384000000000006, "Validation Micro AUROC": 0.727546897663649, "Validation Micro AUPRC": 0.7191755289063164, "Validation Macro AUROC": 0.7334758630052574, "Validation Macro AUPRC": 0.7210627452491286, "Validation Contraindication AUROC": 0.7301099970215367, "Validation Contraindication AUPRC": 0.7239812693776874, "Validation Indication AUROC": 0.7960465799183156, "Validation Indication AUPRC": 0.7795309060632286, "Validation Off-Label AUROC": 0.7056583752067664, "Validation Off-Label AUPRC": 0.6954642134587778, "Validation Rev-Contraindication AUROC": 0.6861093145702324, "Validation Rev-Contraindication AUPRC": 0.675444907031881, "Validation Rev-Indication AUROC": 0.7844664439135506, "Validation Rev-Indication AUPRC": 0.769259567462967, "Validation Rev-Off-Label AUROC": 0.6984644674011423, "Validation Rev-Off-Label AUPRC": 0.6826956081002294, "Validation Loss": 0.6307699084281921, "Validation Relation Performance": {"_type": "table-file", "sha256": "fca8e7f8a08077c0bc77b23b1eefb31a9a997c94c4a8d69f6f993397d7a3a18f", "size": 440, "artifact_path": "wandb-client-artifact://tpkagkdj0pkaew9slu1e8xc8lgx51brqemjeno7la0ljzb0o243249g36ql0rtz94sf1y4wwt20lfu6a9ineev1nh4k4gkb2dyx4jfv50p8b9jrpcmnij4yg6z4kl5xj:latest/Validation Relation Performance.table.json", "_latest_artifact_path": "wandb-client-artifact://tpkagkdj0pkaew9slu1e8xc8lgx51brqemjeno7la0ljzb0o243249g36ql0rtz94sf1y4wwt20lfu6a9ineev1nh4k4gkb2dyx4jfv50p8b9jrpcmnij4yg6z4kl5xj:latest/Validation Relation Performance.table.json", "path": "media/table/Validation Relation Performance_602_fca8e7f8a08077c0bc77.table.json", "ncols": 4, "nrows": 6}, "Testing Micro AUROC": 0.7367162706167073, "Testing Micro AUPRC": 0.7044277207000764, "Testing Macro AUROC": 0.7344150513438067, "Testing Macro AUPRC": 0.7019330361485075, "Testing Contraindication AUROC": 0.7834293928707802, "Testing Contraindication AUPRC": 0.7276475455801061, "Testing Indication AUROC": 0.8026032789546304, "Testing Indication AUPRC": 0.7843534809017403, "Testing Off-Label AUROC": 0.6753954475308642, "Testing Off-Label AUPRC": 0.651753214634675, "Testing Rev-Contraindication AUROC": 0.6365679117719729, "Testing Rev-Contraindication AUPRC": 0.6170344871001676, "Testing Rev-Indication AUROC": 0.7860791534778021, "Testing Rev-Indication AUPRC": 0.7583435999553201, "Testing Rev-Off-Label AUROC": 0.7224151234567902, "Testing Rev-Off-Label AUPRC": 0.6724658887190362, "Testing Loss": 0.6067942380905151, "Testing Relation Performance": {"_type": "table-file", "sha256": "eb56e4efa3eaae1726ce6c9db06c629e5293f8a07a901a62a537f339ee025c95", "size": 441, "artifact_path": "wandb-client-artifact://v49ow5t2qrqeogjp6nvlusxwtzihxzmjw9dfj05gdsa3cx3i8oiqrqb0y3dghudze2ro54r0vktrha1lqaf2x8dmlmuu9ddtvqne1qmtxqzkebt3diythbbukyiaexfj:latest/Testing Relation Performance.table.json", "_latest_artifact_path": "wandb-client-artifact://v49ow5t2qrqeogjp6nvlusxwtzihxzmjw9dfj05gdsa3cx3i8oiqrqb0y3dghudze2ro54r0vktrha1lqaf2x8dmlmuu9ddtvqne1qmtxqzkebt3diythbbukyiaexfj:latest/Testing Relation Performance.table.json", "path": "media/table/Testing Relation Performance_625_eb56e4efa3eaae1726ce.table.json", "ncols": 4, "nrows": 6}, "_wandb": {"runtime": 10319}}