{"Pretraining Loss": 0.555787980556488, "_timestamp": 1706551310.5004952, "_runtime": 4756.751041173935, "_step": 7530, "Pretraining Micro AUROC": 0.7913556098937988, "Pretraining Micro AUPRC": 0.7662075850383245, "Pretraining Macro AUROC": 0.819615404864105, "Pretraining Macro AUPRC": 0.8361760976580379, "Pretraining Contraindication AUROC": 1.0, "Pretraining Contraindication AUPRC": 1.0, "Pretraining Indication AUROC": 1.0, "Pretraining Indication AUPRC": 1.0, "Pretraining Off-Label AUROC": 0.0, "Pretraining Off-Label AUPRC": 0.5, "Pretraining Rev-Contraindication AUROC": 0.75, "Pretraining Rev-Contraindication AUPRC": 0.8016233766233766, "Pretraining Rev-Indication AUROC": 1.0, "Pretraining Rev-Indication AUPRC": 1.0, "Pretraining Rev-Off-Label AUROC": 0.5, "Pretraining Rev-Off-Label AUPRC": 0.5833333333333333, "Pretraining LR": 0.001, "Training Loss": 0.37117770314216614, "Training Micro AUROC": 0.9102697196653822, "Training Micro AUPRC": 0.8914326736318148, "Training Macro AUROC": 0.9222604819058425, "Training Macro AUPRC": 0.9018994434150792, "Training Contraindication AUROC": 0.924226134187522, "Training Contraindication AUPRC": 0.902643467709386, "Training Indication AUROC": 0.9475629576276455, "Training Indication AUPRC": 0.9332048547708398, "Training Off-Label AUROC": 0.9219761714290007, "Training Off-Label AUPRC": 0.9019118557201775, "Training Rev-Contraindication AUROC": 0.8486931544777272, "Training Rev-Contraindication AUPRC": 0.822719145181644, "Training Rev-Indication AUROC": 0.9576417066769245, "Training Rev-Indication AUPRC": 0.9439318641342018, "Training Rev-Off-Label AUROC": 0.9334627670362359, "Training Rev-Off-Label AUPRC": 0.9069854729742259, "LR": 0.0004, "Validation Micro AUROC": 0.7470211434031645, "Validation Micro AUPRC": 0.7628096360459921, "Validation Macro AUROC": 0.8097849376308018, "Validation Macro AUPRC": 0.8034911816880969, "Validation Contraindication AUROC": 0.65915836867561, "Validation Contraindication AUPRC": 0.7119292210199245, "Validation Indication AUROC": 0.8658993284036552, "Validation Indication AUPRC": 0.8488338492554689, "Validation Off-Label AUROC": 0.842938017128756, "Validation Off-Label AUPRC": 0.8039573314380499, "Validation Rev-Contraindication AUROC": 0.7306382485482581, "Validation Rev-Contraindication AUPRC": 0.7266348446525632, "Validation Rev-Indication AUROC": 0.8909001658591305, "Validation Rev-Indication AUPRC": 0.878105926694551, "Validation Rev-Off-Label AUROC": 0.8691754971694006, "Validation Rev-Off-Label AUPRC": 0.8514859170680242, "Validation Loss": 0.7772212028503418, "Validation Relation Performance": {"_type": "table-file", "sha256": "1a9ff267e27c3b1a60a9450bed0d43f692cff6ed30132c2fd6dae53248f8cdba", "size": 438, "artifact_path": "wandb-client-artifact://suuzvlltkgjogys5azzyzht0dmvagt84r1p8fxwa1laguw5wbx076jkgs4y6khrsgvy3haxn86hxctm9kuk6f73f6v5tp0l9ez1lv7b4ljo9u4btf7peox2gzqh8cq9k:latest/Validation Relation Performance.table.json", "_latest_artifact_path": "wandb-client-artifact://suuzvlltkgjogys5azzyzht0dmvagt84r1p8fxwa1laguw5wbx076jkgs4y6khrsgvy3haxn86hxctm9kuk6f73f6v5tp0l9ez1lv7b4ljo9u4btf7peox2gzqh8cq9k:latest/Validation Relation Performance.table.json", "path": "media/table/Validation Relation Performance_7507_1a9ff267e27c3b1a60a9.table.json", "ncols": 4, "nrows": 6}, "Testing Micro AUROC": 0.7444878966972679, "Testing Micro AUPRC": 0.7566341136152395, "Testing Macro AUROC": 0.7844408912828206, "Testing Macro AUPRC": 0.7801228427819314, "Testing Contraindication AUROC": 0.6781466813831143, "Testing Contraindication AUPRC": 0.6875396729962722, "Testing Indication AUROC": 0.8532540763929553, "Testing Indication AUPRC": 0.8660291549237246, "Testing Off-Label AUROC": 0.8032382368848026, "Testing Off-Label AUPRC": 0.7893520841899356, "Testing Rev-Contraindication AUROC": 0.7022695850066826, "Testing Rev-Contraindication AUPRC": 0.7097259134996691, "Testing Rev-Indication AUROC": 0.8706223818746903, "Testing Rev-Indication AUPRC": 0.8585964640035841, "Testing Rev-Off-Label AUROC": 0.7991143861546782, "Testing Rev-Off-Label AUPRC": 0.7694937670784026, "Testing Loss": 0.7382328510284424, "Testing Relation Performance": {"_type": "table-file", "sha256": "440fa7276bbb063f66ea69dc9415d2dd40e30dad06a0aff0e8c2181da4f3fdee", "size": 442, "artifact_path": "wandb-client-artifact://279a9qy7r6njz8ps2ecvka38011l7dxhmpwvexjftyf76n7fdaddo4tvdpsa9cvqdxsrvmhwlrau5ku5thtymhj2ic4yccpwyq8rcmvqiiivapcfvqnxssuxje3g3i9l:latest/Testing Relation Performance.table.json", "_latest_artifact_path": "wandb-client-artifact://279a9qy7r6njz8ps2ecvka38011l7dxhmpwvexjftyf76n7fdaddo4tvdpsa9cvqdxsrvmhwlrau5ku5thtymhj2ic4yccpwyq8rcmvqiiivapcfvqnxssuxje3g3i9l:latest/Testing Relation Performance.table.json", "path": "media/table/Testing Relation Performance_7530_440fa7276bbb063f66ea.table.json", "ncols": 4, "nrows": 6}}