{"Pretraining Loss": 0.6717070937156677, "_timestamp": 1706298876.2495482, "_runtime": 76.21026420593262, "_step": 36, "Pretraining Micro AUROC": 0.5847482681274414, "Pretraining Micro AUPRC": 0.5828978142985706, "Pretraining Macro AUROC": 0.6195413771136543, "Pretraining Macro AUPRC": 0.6963741346871254, "Pretraining Contraindication AUROC": 1.0, "Pretraining Contraindication AUPRC": 1.0, "Pretraining Indication AUROC": 0.6666666666666667, "Pretraining Indication AUPRC": 0.6388888888888888, "Pretraining Rev-Contraindication AUROC": 0.4444444444444445, "Pretraining Rev-Contraindication AUPRC": 0.5555555555555556, "Pretraining LR": 0.001, "Pretraining Rev-Indication AUROC": 0.0, "Pretraining Rev-Indication AUPRC": 0.5}